dadgeneration	momgeneration	linenum	momfullcross	mommompop	mommomid	momdadpop	momdadid	dadfullcross	dadmompop	dadmomid	daddadpop	dadadid	crosstype	momtype	smass	mompop	momid	dadpop	dadid	generation	mommomsp	momdadsp	dadmomsp	daddadsp	momsp	dadsp	momcross	dadcross	momdadcross
F	F	1	3587-A x 879-G-2ID2	3587WP	A	879WKG	G-2ID2	3587-14 x 879-10-1ID1	3587WP	14	879WKG	10-1ID1	FF	F	0.19	NA	NA	NA	NA	FF	kaal	hook	kaal	hook	NA	NA	KH	KH	KH x KH
F	F	2	3587-A x 879-G-2ID2	3587WP	A	879WKG	G-2ID2	3587-14 x 879-10-1ID1	3587WP	14	879WKG	10-1ID1	FF	F	0.20099999999999998	NA	NA	NA	NA	FF	kaal	hook	kaal	hook	NA	NA	KH	KH	KH x KH
F	F	3	3587-A x 879-G-2ID2	3587WP	A	879WKG	G-2ID2	3587-14 x 879-10-1ID1	3587WP	14	879WKG	10-1ID1	FF	F	0.191	NA	NA	NA	NA	FF	kaal	hook	kaal	hook	NA	NA	KH	KH	KH x KH
F	F	4	3587-A x 879-G-2ID2	3587WP	A	879WKG	G-2ID2	3587-14 x 879-10-1ID1	3587WP	14	879WKG	10-1ID1	FF	F	0.18	NA	NA	NA	NA	FF	kaal	hook	kaal	hook	NA	NA	KH	KH	KH x KH
F	F	5	3587-A x 879-G-2ID2	3587WP	A	879WKG	G-2ID2	3587-14 x 879-10-1ID1	3587WP	14	879WKG	10-1ID1	FF	F	0.187	NA	NA	NA	NA	FF	kaal	hook	kaal	hook	NA	NA	KH	KH	KH x KH
F	F	6	3587-A x 879-G-2ID2	3587WP	A	879WKG	G-2ID2	3587-14 x 879-10-1ID1	3587WP	14	879WKG	10-1ID1	FF	F	0.149	NA	NA	NA	NA	FF	kaal	hook	kaal	hook	NA	NA	KH	KH	KH x KH
F	F	7	3587-A x 879-G-2ID2	3587WP	A	879WKG	G-2ID2	3587-14 x 879-10-1ID1	3587WP	14	879WKG	10-1ID1	FF	F	0.16999999999999998	NA	NA	NA	NA	FF	kaal	hook	kaal	hook	NA	NA	KH	KH	KH x KH
F	F	15	3587-14 x 879-10-1ID2	3587WP	14	879WKG	10-1ID2	3587-A x 879-G-2ID1	3587WP	A	879WKG	G-2ID1	FF	F	0.20400000000000001	NA	NA	NA	NA	FF	kaal	hook	kaal	hook	NA	NA	KH	KH	KH x KH
F	F	16	3587-14 x 879-10-1ID2	3587WP	14	879WKG	10-1ID2	3587-A x 879-G-2ID1	3587WP	A	879WKG	G-2ID1	FF	F	0.178	NA	NA	NA	NA	FF	kaal	hook	kaal	hook	NA	NA	KH	KH	KH x KH
F	F	20	3587-7 x 879-G-2ID4	3587WP	7	879WKG	G-2ID4	3587-14 x 879-10-1ID3	3587WP	14	879WKG	10-1ID3	FF	F	0.153	NA	NA	NA	NA	FF	kaal	hook	kaal	hook	NA	NA	KH	KH	KH x KH
F	F	21	3587-7 x 879-G-2ID4	3587WP	7	879WKG	G-2ID4	3587-14 x 879-10-1ID3	3587WP	14	879WKG	10-1ID3	FF	F	0.151	NA	NA	NA	NA	FF	kaal	hook	kaal	hook	NA	NA	KH	KH	KH x KH
F	F	22	3587-7 x 879-G-2ID4	3587WP	7	879WKG	G-2ID4	3587-14 x 879-10-1ID3	3587WP	14	879WKG	10-1ID3	FF	F	0.151	NA	NA	NA	NA	FF	kaal	hook	kaal	hook	NA	NA	KH	KH	KH x KH
F	F	24	3587-A x 879-10-1ID1	3587WP	A	879WKG	10-1ID1	3587-7 x 879-G-2ID5	3587WP	7	879WKG	G-2ID5	FF	F	0.252	NA	NA	NA	NA	FF	kaal	hook	kaal	hook	NA	NA	KH	KH	KH x KH
F	F	25	3587-A x 879-10-1ID1	3587WP	A	879WKG	10-1ID1	3587-7 x 879-G-2ID5	3587WP	7	879WKG	G-2ID5	FF	F	0.24700000000000003	NA	NA	NA	NA	FF	kaal	hook	kaal	hook	NA	NA	KH	KH	KH x KH
F	F	33	879-10-1 x 892-1ID1	879WKG	10-1	892WKG	1ID1	879-2-2 x 892-10ID7	879WKG	2-2	892WKG	10ID7	FF	F	0.161	NA	NA	NA	NA	FF	hook	kaal	hook	kaal	NA	NA	HK	HK	HK x HK
F	F	58	879-10-1 x 892-3ID9	879WKG	10-1	892WKG	3ID9	879-2-2 x 892-4ID12	879WKG	2-2	892WKG	4ID12	FF	F	0.219	NA	NA	NA	NA	FF	hook	kaal	hook	kaal	NA	NA	HK	HK	HK x HK
F	F	59	879-10-1 x 892-3ID9	879WKG	10-1	892WKG	3ID9	879-2-2 x 892-4ID12	879WKG	2-2	892WKG	4ID12	FF	F	0.20800000000000002	NA	NA	NA	NA	FF	hook	kaal	hook	kaal	NA	NA	HK	HK	HK x HK
F	F	71	879-10-1 x 904-5ID4	879WKG	10-1	904WPG	5ID4	879-G-2 x 904-3ID3	879WKG	G-2	904WPG	3ID3	FF	F	0.22400000000000003	NA	NA	NA	NA	FF	hook	kaal	hook	kaal	NA	NA	HK	HK	HK x HK
F	F	72	879-10-1 x 904-5ID4	879WKG	10-1	904WPG	5ID4	879-G-2 x 904-3ID3	879WKG	G-2	904WPG	3ID3	FF	F	0.21600000000000003	NA	NA	NA	NA	FF	hook	kaal	hook	kaal	NA	NA	HK	HK	HK x HK
F	F	73	879-10-1 x 904-5ID4	879WKG	10-1	904WPG	5ID4	879-G-2 x 904-3ID3	879WKG	G-2	904WPG	3ID3	FF	F	0.236	NA	NA	NA	NA	FF	hook	kaal	hook	kaal	NA	NA	HK	HK	HK x HK
F	F	74	879-10-1 x 904-5ID4	879WKG	10-1	904WPG	5ID4	879-G-2 x 904-3ID3	879WKG	G-2	904WPG	3ID3	FF	F	0.221	NA	NA	NA	NA	FF	hook	kaal	hook	kaal	NA	NA	HK	HK	HK x HK
F	F	75	879-10-1 x 904-5ID4	879WKG	10-1	904WPG	5ID4	879-G-2 x 904-3ID3	879WKG	G-2	904WPG	3ID3	FF	F	0.23700000000000002	NA	NA	NA	NA	FF	hook	kaal	hook	kaal	NA	NA	HK	HK	HK x HK
F	F	129	879-2-2 x 892-10ID1	879WKG	2-2	892WKG	10ID1	879-10-1 x 892-3ID8	879WKG	10-1	892WKG	3ID8	FF	F	0.23500000000000001	NA	NA	NA	NA	FF	hook	kaal	hook	kaal	NA	NA	HK	HK	HK x HK
F	F	130	879-2-2 x 892-10ID1	879WKG	2-2	892WKG	10ID1	879-10-1 x 892-3ID8	879WKG	10-1	892WKG	3ID8	FF	F	0.20600000000000002	NA	NA	NA	NA	FF	hook	kaal	hook	kaal	NA	NA	HK	HK	HK x HK
F	F	131	879-2-2 x 892-10ID1	879WKG	2-2	892WKG	10ID1	879-10-1 x 892-3ID8	879WKG	10-1	892WKG	3ID8	FF	F	0.20299999999999999	NA	NA	NA	NA	FF	hook	kaal	hook	kaal	NA	NA	HK	HK	HK x HK
F	F	137	879-2-2 x 904-3ID11	879WKG	2-2	904WPG	3ID11	879-G-2 x 904-5ID1	879WKG	G-2	904WPG	5ID1	FF	F	0.182	NA	NA	NA	NA	FF	hook	kaal	hook	kaal	NA	NA	HK	HK	HK x HK
F	F	138	879-2-2 x 904-3ID11	879WKG	2-2	904WPG	3ID11	879-G-2 x 904-5ID1	879WKG	G-2	904WPG	5ID1	FF	F	0.20099999999999998	NA	NA	NA	NA	FF	hook	kaal	hook	kaal	NA	NA	HK	HK	HK x HK
F	F	142	879-G-2 x 904-3ID5	879WKG	G-2	904WPG	3ID5	879-2-2 x 904-3ID3	879WKG	2-2	904WPG	3ID3	FF	F	0.186	NA	NA	NA	NA	FF	hook	kaal	hook	kaal	NA	NA	HK	HK	HK x HK
F	F	146	879-G-2 x 904-5ID1	879WKG	G-2	904WPG	5ID1	879-2-2 x 904-3ID11	879WKG	2-2	904WPG	3ID11	FF	F	0.149	NA	NA	NA	NA	FF	hook	kaal	hook	kaal	NA	NA	HK	HK	HK x HK
F	F	154	892-1 x 879-2-2ID1	892WKG	1	879WKG	2-2ID1	892-10 x 879-10-1ID2	892WKG	10	879WKG	10-1ID2	FF	F	0.16399999999999998	NA	NA	NA	NA	FF	kaal	hook	kaal	hook	NA	NA	KH	KH	KH x KH
F	F	156	892-10 x 879-10-1ID1	892WKG	10	879WKG	10-1ID1	892-3 x 879-2-2ID2	892WKG	3	879WKG	2-2ID2	FF	F	0.194	NA	NA	NA	NA	FF	kaal	hook	kaal	hook	NA	NA	KH	KH	KH x KH
F	F	172	892-3 x 879-2-2ID1	892WKG	3	879WKG	2-2ID1	892-10 x 879-10-1ID2	892WKG	10	879WKG	10-1ID2	FF	F	0.18	NA	NA	NA	NA	FF	kaal	hook	kaal	hook	NA	NA	KH	KH	KH x KH
F	F	173	892-3 x 879-2-2ID1	892WKG	3	879WKG	2-2ID1	892-10 x 879-10-1ID2	892WKG	10	879WKG	10-1ID2	FF	F	0.177	NA	NA	NA	NA	FF	kaal	hook	kaal	hook	NA	NA	KH	KH	KH x KH
F	F	174	892-3 x 879-2-2ID1	892WKG	3	879WKG	2-2ID1	892-10 x 879-10-1ID2	892WKG	10	879WKG	10-1ID2	FF	F	0.211	NA	NA	NA	NA	FF	kaal	hook	kaal	hook	NA	NA	KH	KH	KH x KH
F	F	175	892-3 x 879-2-2ID1	892WKG	3	879WKG	2-2ID1	892-10 x 879-10-1ID2	892WKG	10	879WKG	10-1ID2	FF	F	0.183	NA	NA	NA	NA	FF	kaal	hook	kaal	hook	NA	NA	KH	KH	KH x KH
F	F	176	892-3 x 879-2-2ID1	892WKG	3	879WKG	2-2ID1	892-10 x 879-10-1ID2	892WKG	10	879WKG	10-1ID2	FF	F	0.20400000000000001	NA	NA	NA	NA	FF	kaal	hook	kaal	hook	NA	NA	KH	KH	KH x KH
F	F	177	892-3 x 879-2-2ID1	892WKG	3	879WKG	2-2ID1	892-10 x 879-10-1ID2	892WKG	10	879WKG	10-1ID2	FF	F	0.195	NA	NA	NA	NA	FF	kaal	hook	kaal	hook	NA	NA	KH	KH	KH x KH
F	F	178	892-3 x 879-2-2ID1	892WKG	3	879WKG	2-2ID1	892-10 x 879-10-1ID2	892WKG	10	879WKG	10-1ID2	FF	F	0.173	NA	NA	NA	NA	FF	kaal	hook	kaal	hook	NA	NA	KH	KH	KH x KH
F	F	179	892-3 x 879-2-2ID1	892WKG	3	879WKG	2-2ID1	892-10 x 879-10-1ID2	892WKG	10	879WKG	10-1ID2	FF	F	0.191	NA	NA	NA	NA	FF	kaal	hook	kaal	hook	NA	NA	KH	KH	KH x KH
F	F	180	892-3 x 879-2-2ID1	892WKG	3	879WKG	2-2ID1	892-10 x 879-10-1ID2	892WKG	10	879WKG	10-1ID2	FF	F	0.185	NA	NA	NA	NA	FF	kaal	hook	kaal	hook	NA	NA	KH	KH	KH x KH
F	F	181	892-4 x 879-G-2ID2	892WKG	4	879WKG	G-2ID2	892-1 x 879-2-2ID1	892WKG	1	879WKG	2-2ID1	FF	F	0.189	NA	NA	NA	NA	FF	kaal	hook	kaal	hook	NA	NA	KH	KH	KH x KH
F	F	182	892-4 x 879-G-2ID2	892WKG	4	879WKG	G-2ID2	892-1 x 879-2-2ID1	892WKG	1	879WKG	2-2ID1	FF	F	0.196	NA	NA	NA	NA	FF	kaal	hook	kaal	hook	NA	NA	KH	KH	KH x KH
F	F	183	892-4 x 879-G-2ID2	892WKG	4	879WKG	G-2ID2	892-1 x 879-2-2ID1	892WKG	1	879WKG	2-2ID1	FF	F	0.184	NA	NA	NA	NA	FF	kaal	hook	kaal	hook	NA	NA	KH	KH	KH x KH
F	F	194	904-2 x 879-G-2ID3	904WPG	2	879WKG	G-2ID3	904-5 x 879-10-1ID2	904WPG	5	879WKG	10-1ID2	FF	F	0.188	NA	NA	NA	NA	FF	kaal	hook	kaal	hook	NA	NA	KH	KH	KH x KH
F	F	195	904-2 x 879-G-2ID3	904WPG	2	879WKG	G-2ID3	904-5 x 879-10-1ID2	904WPG	5	879WKG	10-1ID2	FF	F	0.187	NA	NA	NA	NA	FF	kaal	hook	kaal	hook	NA	NA	KH	KH	KH x KH
F	F	196	904-2 x 879-G-2ID3	904WPG	2	879WKG	G-2ID3	904-5 x 879-10-1ID2	904WPG	5	879WKG	10-1ID2	FF	F	0.16799999999999998	NA	NA	NA	NA	FF	kaal	hook	kaal	hook	NA	NA	KH	KH	KH x KH
F	F	206	904-3 x 879-10-1ID2	904WPG	3	879WKG	10-1ID2	904-5 x 879-G-2ID8	904WPG	5	879WKG	G-2ID8	FF	F	0.159	NA	NA	NA	NA	FF	kaal	hook	kaal	hook	NA	NA	KH	KH	KH x KH
F	F	207	904-3 x 879-10-1ID2	904WPG	3	879WKG	10-1ID2	904-5 x 879-G-2ID8	904WPG	5	879WKG	G-2ID8	FF	F	0.186	NA	NA	NA	NA	FF	kaal	hook	kaal	hook	NA	NA	KH	KH	KH x KH
F	F	208	904-3 x 879-10-1ID2	904WPG	3	879WKG	10-1ID2	904-5 x 879-G-2ID8	904WPG	5	879WKG	G-2ID8	FF	F	0.16899999999999998	NA	NA	NA	NA	FF	kaal	hook	kaal	hook	NA	NA	KH	KH	KH x KH
F	F	210	904-3 x 879-G-2ID3	904WPG	3	879WKG	G-2ID3	904-2 x 879-2-2ID2	904WPG	2	879WKG	2-2ID2	FF	F	0.193	NA	NA	NA	NA	FF	kaal	hook	kaal	hook	NA	NA	KH	KH	KH x KH
F	F	211	904-3 x 879-G-2ID3	904WPG	3	879WKG	G-2ID3	904-2 x 879-2-2ID2	904WPG	2	879WKG	2-2ID2	FF	F	0.274	NA	NA	NA	NA	FF	kaal	hook	kaal	hook	NA	NA	KH	KH	KH x KH
F	F	213	904-3 x 879-H-2ID4	904WPG	3	879WKG	H-2ID4	904-2 x 879-10-1ID10	904WPG	2	879WKG	10-1ID10	FF	F	0.181	NA	NA	NA	NA	FF	kaal	hook	kaal	hook	NA	NA	KH	KH	KH x KH
F	F	214	904-3 x 879-H-2ID4	904WPG	3	879WKG	H-2ID4	904-2 x 879-10-1ID10	904WPG	2	879WKG	10-1ID10	FF	F	0.188	NA	NA	NA	NA	FF	kaal	hook	kaal	hook	NA	NA	KH	KH	KH x KH
F	F	215	904-3 x 879-H-2ID4	904WPG	3	879WKG	H-2ID4	904-2 x 879-10-1ID3	904WPG	2	879WKG	10-1ID3	FF	F	0.16299999999999998	NA	NA	NA	NA	FF	kaal	hook	kaal	hook	NA	NA	KH	KH	KH x KH
F	F	216	904-3 x 879-H-2ID4	904WPG	3	879WKG	H-2ID4	904-2 x 879-10-1ID3	904WPG	2	879WKG	10-1ID3	FF	F	0.152	NA	NA	NA	NA	FF	kaal	hook	kaal	hook	NA	NA	KH	KH	KH x KH
F	F	222	904-5 x 879-10-1ID1	904WPG	5	879WKG	10-1ID1	904-2 x 879-2-2ID5	904WPG	2	879WKG	2-2ID5	FF	F	0.15	NA	NA	NA	NA	FF	kaal	hook	kaal	hook	NA	NA	KH	KH	KH x KH
F	F	223	904-5 x 879-10-1ID1	904WPG	5	879WKG	10-1ID1	904-2 x 879-2-2ID5	904WPG	2	879WKG	2-2ID5	FF	F	0.157	NA	NA	NA	NA	FF	kaal	hook	kaal	hook	NA	NA	KH	KH	KH x KH
F	F	228	904-5 x 879-G-2ID3	904WPG	5	879WKG	G-2ID3	904-3 x 879-H-2ID4	904WPG	3	879WKG	H-2ID4	FF	F	0.143	NA	NA	NA	NA	FF	kaal	hook	kaal	hook	NA	NA	KH	KH	KH x KH
F	F	229	904-5 x 879-G-2ID3	904WPG	5	879WKG	G-2ID3	904-3 x 879-H-2ID4	904WPG	3	879WKG	H-2ID4	FF	F	0.122	NA	NA	NA	NA	FF	kaal	hook	kaal	hook	NA	NA	KH	KH	KH x KH
F	F	230	904-5 x 879-G-2ID3	904WPG	5	879WKG	G-2ID3	904-3 x 879-H-2ID4	904WPG	3	879WKG	H-2ID4	FF	F	0.16999999999999998	NA	NA	NA	NA	FF	kaal	hook	kaal	hook	NA	NA	KH	KH	KH x KH
F	P	11	3587-12	NA	NA	NA	NA	3587-A x 879-10-1ID1	3587WP	A	879WKG	10-1ID1	KF	K	0.43099999999999994	3587WP	12	NA	NA	PF	NA	NA	kaal	hook	kaal	NA	K	KH	K x KH
F	P	12	3587-12	NA	NA	NA	NA	3587-A x 879-10-1ID1	3587WP	A	879WKG	10-1ID1	KF	K	0.45899999999999996	3587WP	12	NA	NA	PF	NA	NA	kaal	hook	kaal	NA	K	KH	K x KH
F	P	13	3587-12	NA	NA	NA	NA	3587-A x 879-10-1ID1	3587WP	A	879WKG	10-1ID1	KF	K	0.48	3587WP	12	NA	NA	PF	NA	NA	kaal	hook	kaal	NA	K	KH	K x KH
F	P	17	3587-6ID1	NA	NA	NA	NA	3587-14 x 879-G-2ID1	3587WP	14	879WKG	G-2ID1	KF	K	0.378	3587WP	6ID1	NA	NA	PF	NA	NA	kaal	hook	kaal	NA	K	KH	K x KH
F	P	18	3587-6ID1	NA	NA	NA	NA	3587-7 x 879-10-1ID1	3587WP	7	879WKG	10-1ID1	KF	K	0.384	3587WP	6ID1	NA	NA	PF	NA	NA	kaal	hook	kaal	NA	K	KH	K x KH
F	P	34	879-10-1	NA	NA	NA	NA	879-G-2 x 904-5ID1	879WKG	G-2	904WPG	5ID1	HF	H	0.10700000000000001	879WKG	10-1	NA	NA	PF	NA	NA	hook	kaal	hook	NA	H	HK	H x HK
F	P	35	879-10-1	NA	NA	NA	NA	879-2-2 x 892-10ID8?	879WKG	2-2	892WKG	10ID8?	HF	H	0.12	879WKG	10-1	NA	NA	PF	NA	NA	hook	kaal	hook	NA	H	HK	H x HK
F	P	36	879-10-1	NA	NA	NA	NA	904-2 x 879-G-2ID3	904WPG	2	879WKG	G-2ID3	HF	H	0.098	879WKG	10-1	NA	NA	PF	NA	NA	kaal	hook	hook	NA	H	KH	H x KH
F	P	37	879-10-1	NA	NA	NA	NA	904-2 x 879-G-2ID3	904WPG	2	879WKG	G-2ID3	HF	H	0.11100000000000002	879WKG	10-1	NA	NA	PF	NA	NA	kaal	hook	hook	NA	H	KH	H x KH
F	P	38	879-10-1	NA	NA	NA	NA	904-2 x 879-G-2ID3	904WPG	2	879WKG	G-2ID3	HF	H	0.1	879WKG	10-1	NA	NA	PF	NA	NA	kaal	hook	hook	NA	H	KH	H x KH
F	P	39	879-10-1	NA	NA	NA	NA	904-2 x 879-2-2ID5	904WPG	2	879WKG	2-2ID5	HF	H	0.08299999999999999	879WKG	10-1	NA	NA	PF	NA	NA	kaal	hook	hook	NA	H	KH	H x KH
F	P	40	879-10-1	NA	NA	NA	NA	904-3 x 879-H-2ID?	904WPG	3	879WKG	H-2ID?	HF	H	0.08299999999999999	879WKG	10-1	NA	NA	PF	NA	NA	kaal	hook	hook	NA	H	KH	H x KH
F	P	41	879-10-1	NA	NA	NA	NA	904-3 x 879-H-2ID?	904WPG	3	879WKG	H-2ID?	HF	H	0.09	879WKG	10-1	NA	NA	PF	NA	NA	kaal	hook	hook	NA	H	KH	H x KH
F	P	42	879-10-1	NA	NA	NA	NA	904-3 x 879-H-2ID?	904WPG	3	879WKG	H-2ID?	HF	H	0.086	879WKG	10-1	NA	NA	PF	NA	NA	kaal	hook	hook	NA	H	KH	H x KH
F	P	43	879-10-1	NA	NA	NA	NA	904-3 x 879-H-2ID?	904WPG	3	879WKG	H-2ID?	HF	H	0.093	879WKG	10-1	NA	NA	PF	NA	NA	kaal	hook	hook	NA	H	KH	H x KH
F	P	44	879-10-1	NA	NA	NA	NA	904-3 x 879-H-2ID?	904WPG	3	879WKG	H-2ID?	HF	H	0.091	879WKG	10-1	NA	NA	PF	NA	NA	kaal	hook	hook	NA	H	KH	H x KH
F	P	45	879-10-1	NA	NA	NA	NA	904-3 x 879-H-2ID1	904WPG	3	879WKG	H-2ID1	HF	H	0.097	879WKG	10-1	NA	NA	PF	NA	NA	kaal	hook	hook	NA	H	KH	H x KH
F	P	46	879-10-1	NA	NA	NA	NA	904-3 x 879-H-2ID1	904WPG	3	879WKG	H-2ID1	HF	H	0.10800000000000001	879WKG	10-1	NA	NA	PF	NA	NA	kaal	hook	hook	NA	H	KH	H x KH
F	P	47	879-10-1	NA	NA	NA	NA	904-3 x 879-H-2ID1	904WPG	3	879WKG	H-2ID1	HF	H	0.1	879WKG	10-1	NA	NA	PF	NA	NA	kaal	hook	hook	NA	H	KH	H x KH
F	P	48	879-10-1	NA	NA	NA	NA	904-3 x 879-H-2ID1	904WPG	3	879WKG	H-2ID1	HF	H	0.10800000000000001	879WKG	10-1	NA	NA	PF	NA	NA	kaal	hook	hook	NA	H	KH	H x KH
F	P	49	879-10-1	NA	NA	NA	NA	904-3 x 879-H-2ID1	904WPG	3	879WKG	H-2ID1	HF	H	0.10400000000000001	879WKG	10-1	NA	NA	PF	NA	NA	kaal	hook	hook	NA	H	KH	H x KH
F	P	50	879-10-1	NA	NA	NA	NA	904-3 x 879-H-2ID4	904WPG	3	879WKG	H-2ID4	HF	H	0.11499999999999999	879WKG	10-1	NA	NA	PF	NA	NA	kaal	hook	hook	NA	H	KH	H x KH
F	P	51	879-10-1	NA	NA	NA	NA	904-5 x 879-G-2ID3	904WPG	5	879WKG	G-2ID3	HF	H	0.091	879WKG	10-1	NA	NA	PF	NA	NA	kaal	hook	hook	NA	H	KH	H x KH
F	P	52	879-10-1	NA	NA	NA	NA	3587-7 x 879-G-2ID4	3587WP	7	879WKG	G-2ID4	HF	H	0.088	879WKG	10-1	NA	NA	PF	NA	NA	kaal	hook	hook	NA	H	KH	H x KH
F	P	53	879-10-1	NA	NA	NA	NA	3587-7 x 879-G-2ID4	3587WP	7	879WKG	G-2ID4	HF	H	0.098	879WKG	10-1	NA	NA	PF	NA	NA	kaal	hook	hook	NA	H	KH	H x KH
F	P	54	879-10-1	NA	NA	NA	NA	3587-7 x 879-G-2ID4	3587WP	7	879WKG	G-2ID4	HF	H	0.099	879WKG	10-1	NA	NA	PF	NA	NA	kaal	hook	hook	NA	H	KH	H x KH
F	P	55	879-10-1	NA	NA	NA	NA	3587-7 x 879-G-2ID4	3587WP	7	879WKG	G-2ID4	HF	H	0.10700000000000001	879WKG	10-1	NA	NA	PF	NA	NA	kaal	hook	hook	NA	H	KH	H x KH
F	P	76	879-2-2	NA	NA	NA	NA	879-10-1 x 892-1ID1	879WKG	10-1	892WKG	1ID1	HF	H	0.13	879WKG	2-2	NA	NA	PF	NA	NA	hook	kaal	hook	NA	H	HK	H x HK
F	P	77	879-2-2	NA	NA	NA	NA	879-10-1 x 892-3ID8	879WKG	10-1	892WKG	3ID8	HF	H	0.13799999999999998	879WKG	2-2	NA	NA	PF	NA	NA	hook	kaal	hook	NA	H	HK	H x HK
F	P	78	879-2-2	NA	NA	NA	NA	879-10-1 x 892-3ID8	879WKG	10-1	892WKG	3ID8	HF	H	0.142	879WKG	2-2	NA	NA	PF	NA	NA	hook	kaal	hook	NA	H	HK	H x HK
F	P	79	879-2-2	NA	NA	NA	NA	879-10-1 x 892-3ID8	879WKG	10-1	892WKG	3ID8	HF	H	0.134	879WKG	2-2	NA	NA	PF	NA	NA	hook	kaal	hook	NA	H	HK	H x HK
F	P	80	879-2-2	NA	NA	NA	NA	879-G-2 x 904-5ID2	879WKG	G-2	904WPG	5ID2	HF	H	0.08399999999999999	879WKG	2-2	NA	NA	PF	NA	NA	hook	kaal	hook	NA	H	HK	H x HK
F	P	81	879-2-2	NA	NA	NA	NA	879-G-2 x 904-5ID2	879WKG	G-2	904WPG	5ID2	HF	H	0.077	879WKG	2-2	NA	NA	PF	NA	NA	hook	kaal	hook	NA	H	HK	H x HK
F	P	82	879-2-2	NA	NA	NA	NA	879-G-2 x 904-5ID2	879WKG	G-2	904WPG	5ID2	HF	H	0.08199999999999999	879WKG	2-2	NA	NA	PF	NA	NA	hook	kaal	hook	NA	H	HK	H x HK
F	P	83	879-2-2	NA	NA	NA	NA	892-10 x 879-10-1ID2	892WKG	10	879WKG	10-1ID2	HF	H	0.145	879WKG	2-2	NA	NA	PF	NA	NA	kaal	hook	hook	NA	H	KH	H x KH
F	P	84	879-2-2	NA	NA	NA	NA	892-10 x 879-10-1ID2	892WKG	10	879WKG	10-1ID2	HF	H	0.136	879WKG	2-2	NA	NA	PF	NA	NA	kaal	hook	hook	NA	H	KH	H x KH
F	P	85	879-2-2	NA	NA	NA	NA	892-10 x 879-10-1ID2	892WKG	10	879WKG	10-1ID2	HF	H	0.141	879WKG	2-2	NA	NA	PF	NA	NA	kaal	hook	hook	NA	H	KH	H x KH
F	P	86	879-2-2	NA	NA	NA	NA	892-10 x 879-10-1ID2	892WKG	10	879WKG	10-1ID2	HF	H	0.135	879WKG	2-2	NA	NA	PF	NA	NA	kaal	hook	hook	NA	H	KH	H x KH
F	P	87	879-2-2	NA	NA	NA	NA	892-10 x 879-10-1ID2	892WKG	10	879WKG	10-1ID2	HF	H	0.141	879WKG	2-2	NA	NA	PF	NA	NA	kaal	hook	hook	NA	H	KH	H x KH
F	P	88	879-2-2	NA	NA	NA	NA	892-10 x 879-10-1ID2	892WKG	10	879WKG	10-1ID2	HF	H	0.127	879WKG	2-2	NA	NA	PF	NA	NA	kaal	hook	hook	NA	H	KH	H x KH
F	P	89	879-2-2	NA	NA	NA	NA	892-10 x 879-10-1ID2	892WKG	10	879WKG	10-1ID2	HF	H	0.123	879WKG	2-2	NA	NA	PF	NA	NA	kaal	hook	hook	NA	H	KH	H x KH
F	P	90	879-2-2	NA	NA	NA	NA	892-3 x 879-10-1ID1	892WKG	3	879WKG	10-1ID1	HF	H	0.123	879WKG	2-2	NA	NA	PF	NA	NA	kaal	hook	hook	NA	H	KH	H x KH
F	P	91	879-2-2	NA	NA	NA	NA	892-3 x 879-10-1ID1	892WKG	3	879WKG	10-1ID1	HF	H	0.134	879WKG	2-2	NA	NA	PF	NA	NA	kaal	hook	hook	NA	H	KH	H x KH
F	P	92	879-2-2	NA	NA	NA	NA	904-2 x 879-10-1ID4	904WPG	2	879WKG	10-1ID4	HF	H	0.11000000000000001	879WKG	2-2	NA	NA	PF	NA	NA	kaal	hook	hook	NA	H	KH	H x KH
F	P	93	879-2-2	NA	NA	NA	NA	904-2 x 879-10-1ID4	904WPG	2	879WKG	10-1ID4	HF	H	0.13	879WKG	2-2	NA	NA	PF	NA	NA	kaal	hook	hook	NA	H	KH	H x KH
F	P	94	879-2-2	NA	NA	NA	NA	904-2 x 879-10-1ID4	904WPG	2	879WKG	10-1ID4	HF	H	0.122	879WKG	2-2	NA	NA	PF	NA	NA	kaal	hook	hook	NA	H	KH	H x KH
F	P	95	879-2-2	NA	NA	NA	NA	904-2 x 879-10-1ID4	904WPG	2	879WKG	10-1ID4	HF	H	0.126	879WKG	2-2	NA	NA	PF	NA	NA	kaal	hook	hook	NA	H	KH	H x KH
F	P	96	879-2-2	NA	NA	NA	NA	904-3 x 879-10-1ID2	904WPG	3	879WKG	10-1ID2	HF	H	0.125	879WKG	2-2	NA	NA	PF	NA	NA	kaal	hook	hook	NA	H	KH	H x KH
F	P	97	879-2-2	NA	NA	NA	NA	904-3 x 879-10-1ID2	904WPG	3	879WKG	10-1ID2	HF	H	0.124	879WKG	2-2	NA	NA	PF	NA	NA	kaal	hook	hook	NA	H	KH	H x KH
F	P	98	879-2-2	NA	NA	NA	NA	3587-7 x 879-10-1ID1	3587WP	7	879WKG	10-1ID1	HF	H	0.1	879WKG	2-2	NA	NA	PF	NA	NA	kaal	hook	hook	NA	H	KH	H x KH
F	P	99	879-2-2	NA	NA	NA	NA	3587-7 x 879-10-1ID1	3587WP	7	879WKG	10-1ID1	HF	H	0.10700000000000001	879WKG	2-2	NA	NA	PF	NA	NA	kaal	hook	hook	NA	H	KH	H x KH
F	P	100	879-2-2	NA	NA	NA	NA	3587-7 x 879-10-1ID1	3587WP	7	879WKG	10-1ID1	HF	H	0.11100000000000002	879WKG	2-2	NA	NA	PF	NA	NA	kaal	hook	hook	NA	H	KH	H x KH
F	P	101	879-2-2	NA	NA	NA	NA	3587-7 x 879-10-1ID1	3587WP	7	879WKG	10-1ID1	HF	H	0.12	879WKG	2-2	NA	NA	PF	NA	NA	kaal	hook	hook	NA	H	KH	H x KH
F	P	102	879-2-2	NA	NA	NA	NA	3587-7 x 879-G-2ID4	3587WP	7	879WKG	G-2ID4	HF	H	0.1	879WKG	2-2	NA	NA	PF	NA	NA	kaal	hook	hook	NA	H	KH	H x KH
F	P	103	879-2-2	NA	NA	NA	NA	3587-7 x 879-G-2ID4	3587WP	7	879WKG	G-2ID4	HF	H	0.10600000000000001	879WKG	2-2	NA	NA	PF	NA	NA	kaal	hook	hook	NA	H	KH	H x KH
F	P	104	879-2-2	NA	NA	NA	NA	3587-7 x 879-G-2ID4	3587WP	7	879WKG	G-2ID4	HF	H	0.10300000000000001	879WKG	2-2	NA	NA	PF	NA	NA	kaal	hook	hook	NA	H	KH	H x KH
F	P	105	879-2-2	NA	NA	NA	NA	3587-7 x 879-G-2ID4	3587WP	7	879WKG	G-2ID4	HF	H	0.1	879WKG	2-2	NA	NA	PF	NA	NA	kaal	hook	hook	NA	H	KH	H x KH
F	P	106	879-2-2	NA	NA	NA	NA	3587-A x 879-10-1ID1	3587WP	A	879WKG	10-1ID1	HF	H	0.11000000000000001	879WKG	2-2	NA	NA	PF	NA	NA	kaal	hook	hook	NA	H	KH	H x KH
F	P	107	879-2-2	NA	NA	NA	NA	3587-A x 879-10-1ID1	3587WP	A	879WKG	10-1ID1	HF	H	0.121	879WKG	2-2	NA	NA	PF	NA	NA	kaal	hook	hook	NA	H	KH	H x KH
F	P	108	879-2-2	NA	NA	NA	NA	3587-A x 879-10-1ID1	3587WP	A	879WKG	10-1ID1	HF	H	0.123	879WKG	2-2	NA	NA	PF	NA	NA	kaal	hook	hook	NA	H	KH	H x KH
F	P	109	879-2-2	NA	NA	NA	NA	3587-A x 879-10-1ID1	3587WP	A	879WKG	10-1ID1	HF	H	0.11599999999999999	879WKG	2-2	NA	NA	PF	NA	NA	kaal	hook	hook	NA	H	KH	H x KH
F	P	110	879-2-2	NA	NA	NA	NA	3587-A x 879-10-1ID1	3587WP	A	879WKG	10-1ID1	HF	H	0.11100000000000002	879WKG	2-2	NA	NA	PF	NA	NA	kaal	hook	hook	NA	H	KH	H x KH
F	P	111	879-2-2	NA	NA	NA	NA	3587-A x 879-10-1ID1	3587WP	A	879WKG	10-1ID1	HF	H	0.128	879WKG	2-2	NA	NA	PF	NA	NA	kaal	hook	hook	NA	H	KH	H x KH
F	P	112	879-2-2	NA	NA	NA	NA	3587-A x 879-10-1ID1	3587WP	A	879WKG	10-1ID1	HF	H	0.1	879WKG	2-2	NA	NA	PF	NA	NA	kaal	hook	hook	NA	H	KH	H x KH
F	P	113	879-2-2	NA	NA	NA	NA	3587-A x 879-10-1ID1	3587WP	A	879WKG	10-1ID1	HF	H	0.11699999999999999	879WKG	2-2	NA	NA	PF	NA	NA	kaal	hook	hook	NA	H	KH	H x KH
F	P	114	879-2-2	NA	NA	NA	NA	3587-A x 879-10-1ID1	3587WP	A	879WKG	10-1ID1	HF	H	0.11200000000000002	879WKG	2-2	NA	NA	PF	NA	NA	kaal	hook	hook	NA	H	KH	H x KH
F	P	115	879-2-2	NA	NA	NA	NA	879-2-2 x 892-4ID12	879WKG	2-2	892WKG	4ID12	HF	H	0.10500000000000001	879WKG	2-2	NA	NA	PF	NA	NA	hook	kaal	hook	NA	H	HK	H x HK
F	P	116	879-2-2	NA	NA	NA	NA	879-2-2 x 892-4ID12	879WKG	2-2	892WKG	4ID12	HF	H	0.11599999999999999	879WKG	2-2	NA	NA	PF	NA	NA	hook	kaal	hook	NA	H	HK	H x HK
F	P	117	879-2-2	NA	NA	NA	NA	879-2-2 x 892-4ID12	879WKG	2-2	892WKG	4ID12	HF	H	0.101	879WKG	2-2	NA	NA	PF	NA	NA	hook	kaal	hook	NA	H	HK	H x HK
F	P	118	879-2-2	NA	NA	NA	NA	879-2-2 x 892-4ID12	879WKG	2-2	892WKG	4ID12	HF	H	0.10600000000000001	879WKG	2-2	NA	NA	PF	NA	NA	hook	kaal	hook	NA	H	HK	H x HK
F	P	119	879-2-2	NA	NA	NA	NA	879-2-2 x 892-4ID12	879WKG	2-2	892WKG	4ID12	HF	H	0.11599999999999999	879WKG	2-2	NA	NA	PF	NA	NA	hook	kaal	hook	NA	H	HK	H x HK
F	P	120	879-2-2	NA	NA	NA	NA	879-10-1 x 904-5ID4	879WKG	10-1	904WPG	5ID4	HF	H	0.124	879WKG	2-2	NA	NA	PF	NA	NA	hook	kaal	hook	NA	H	HK	H x HK
F	P	121	879-2-2	NA	NA	NA	NA	879-10-1 x 904-5ID4	879WKG	10-1	904WPG	5ID4	HF	H	0.137	879WKG	2-2	NA	NA	PF	NA	NA	hook	kaal	hook	NA	H	HK	H x HK
F	P	122	879-2-2	NA	NA	NA	NA	879-10-1 x 904-5ID4	879WKG	10-1	904WPG	5ID4	HF	H	0.125	879WKG	2-2	NA	NA	PF	NA	NA	hook	kaal	hook	NA	H	HK	H x HK
F	P	123	879-2-2	NA	NA	NA	NA	879-10-1 x 904-5ID4	879WKG	10-1	904WPG	5ID4	HF	H	0.13	879WKG	2-2	NA	NA	PF	NA	NA	hook	kaal	hook	NA	H	HK	H x HK
F	P	124	879-2-2	NA	NA	NA	NA	879-10-1 x 904-5ID4	879WKG	10-1	904WPG	5ID4	HF	H	0.131	879WKG	2-2	NA	NA	PF	NA	NA	hook	kaal	hook	NA	H	HK	H x HK
F	P	125	879-2-2	NA	NA	NA	NA	879-10-1 x 904-5ID4	879WKG	10-1	904WPG	5ID4	HF	H	0.129	879WKG	2-2	NA	NA	PF	NA	NA	hook	kaal	hook	NA	H	HK	H x HK
F	P	126	879-2-2	NA	NA	NA	NA	879-10-1 x 904-5ID4	879WKG	10-1	904WPG	5ID4	HF	H	0.131	879WKG	2-2	NA	NA	PF	NA	NA	hook	kaal	hook	NA	H	HK	H x HK
F	P	139	879-G-2	NA	NA	NA	NA	879-10-1 x 904-3ID1	879WKG	10-1	904WPG	3ID1	HF	H	0.10500000000000001	879WKG	G-2	NA	NA	PF	NA	NA	hook	kaal	hook	NA	H	HK	H x HK
F	P	140	879-G-2	NA	NA	NA	NA	879-2-2 x 904-5ID9	879WKG	2-2	904WPG	5ID9	HF	H	0.11699999999999999	879WKG	G-2	NA	NA	PF	NA	NA	hook	kaal	hook	NA	H	HK	H x HK
F	P	147	879-N-5	NA	NA	NA	NA	3587-14 x 879-10-1ID2	3587WP	14	879WKG	10-1ID2	HF	H	0.078	879WKG	N-5	NA	NA	PF	NA	NA	kaal	hook	hook	NA	H	KH	H x KH
F	P	148	879-N-5	NA	NA	NA	NA	3587-14 x 879-10-1ID2	3587WP	14	879WKG	10-1ID2	HF	H	0.092	879WKG	N-5	NA	NA	PF	NA	NA	kaal	hook	hook	NA	H	KH	H x KH
F	P	149	879-N-5	NA	NA	NA	NA	3587-14 x 879-10-1ID2	3587WP	14	879WKG	10-1ID2	HF	H	0.087	879WKG	N-5	NA	NA	PF	NA	NA	kaal	hook	hook	NA	H	KH	H x KH
F	P	150	879-N-5	NA	NA	NA	NA	3587-14 x 879-10-1ID2	3587WP	14	879WKG	10-1ID2	HF	H	0.09	879WKG	N-5	NA	NA	PF	NA	NA	kaal	hook	hook	NA	H	KH	H x KH
F	P	197	904-3	NA	NA	NA	NA	879-G-2 x 904-5ID1	879WKG	G-2	904WPG	5ID1	KF	K	0.37	904WPG	3	NA	NA	PF	NA	NA	hook	kaal	kaal	NA	K	HK	K x HK
F	P	217	904-5	NA	NA	NA	NA	879-10-1 x 904-3ID1	879WKG	10-1	904WPG	3ID1	KF	K	0.28700000000000003	904WPG	5	NA	NA	PF	NA	NA	hook	kaal	kaal	NA	K	HK	K x HK
F	P	218	904-5	NA	NA	NA	NA	879-G-2 x 904-3ID5	879WKG	G-2	904WPG	3ID5	KF	K	0.36	904WPG	5	NA	NA	PF	NA	NA	hook	kaal	kaal	NA	K	HK	K x HK
F	P	219	904-5	NA	NA	NA	NA	904-3 x 879-G-2ID3	904WPG	3	879WKG	G-2ID3	KF	K	0.32	904WPG	5	NA	NA	PF	NA	NA	kaal	hook	kaal	NA	K	KH	K x KH
P	F	8	3587-14 x 879-10-1ID2	3587WP	14	879WKG	10-1ID2	3587-A	NA	NA	NA	NA	FK	F	0.20400000000000001	NA	NA	3587WP	A	FP	kaal	hook	NA	NA	NA	kaal	KH	K	KH x K
P	F	9	3587-14 x 879-10-1ID2	3587WP	14	879WKG	10-1ID2	3587-A	NA	NA	NA	NA	FK	F	0.199	NA	NA	3587WP	A	FP	kaal	hook	NA	NA	NA	kaal	KH	K	KH x K
P	F	10	3587-14 x 879-10-1ID2	3587WP	14	879WKG	10-1ID2	3587-A	NA	NA	NA	NA	FK	F	0.17099999999999999	NA	NA	3587WP	A	FP	kaal	hook	NA	NA	NA	kaal	KH	K	KH x K
P	F	14	3587-14 x 879-10-1ID2	3587WP	14	879WKG	10-1ID2	3587-14	NA	NA	NA	NA	FK	F	0.194	NA	NA	3587WP	14	FP	kaal	hook	NA	NA	NA	kaal	KH	K	KH x K
P	F	19	3587-7 x 879-G-2ID4	3587WP	7	879WKG	G-2ID4	3587-14	NA	NA	NA	NA	FK	F	0.13999999999999999	NA	NA	3587WP	14	FP	kaal	hook	NA	NA	NA	kaal	KH	K	KH x K
P	F	23	3587-7 x 879-G-2ID4	3587WP	7	879WKG	G-2ID4	879-10-1	NA	NA	NA	NA	FH	F	0.161	NA	NA	879WKG	10-1	FP	kaal	hook	NA	NA	NA	hook	KH	H	KH x H
P	F	26	3587-A x 879-10-1ID1	3587WP	A	879WKG	10-1ID1	879-2-2	NA	NA	NA	NA	FH	F	0.302	NA	NA	879WKG	2-2	FP	kaal	hook	NA	NA	NA	hook	KH	H	KH x H
P	F	27	3587-A x 879-10-1ID1	3587WP	A	879WKG	10-1ID1	879-2-2	NA	NA	NA	NA	FH	F	0.28300000000000003	NA	NA	879WKG	2-2	FP	kaal	hook	NA	NA	NA	hook	KH	H	KH x H
P	F	28	3587-A x 879-10-1ID1	3587WP	A	879WKG	10-1ID1	879-2-2	NA	NA	NA	NA	FH	F	0.294	NA	NA	879WKG	2-2	FP	kaal	hook	NA	NA	NA	hook	KH	H	KH x H
P	F	29	3587-A x 879-G-2ID2	3587WP	A	879WKG	G-2ID2	3587-7	NA	NA	NA	NA	FK	F	0.182	NA	NA	3587WP	7	FP	kaal	hook	NA	NA	NA	kaal	KH	K	KH x K
P	F	30	3587-A x 879-G-2ID2	3587WP	A	879WKG	G-2ID2	3587-7	NA	NA	NA	NA	FK	F	0.16399999999999998	NA	NA	3587WP	7	FP	kaal	hook	NA	NA	NA	kaal	KH	K	KH x K
P	F	31	3587-A x 879-G-2ID2	3587WP	A	879WKG	G-2ID2	3587-7	NA	NA	NA	NA	FK	F	0.16299999999999998	NA	NA	3587WP	7	FP	kaal	hook	NA	NA	NA	kaal	KH	K	KH x K
P	F	32	879-10-1 x 892-1ID1	879WKG	10-1	892WKG	1ID1	879-2-2	NA	NA	NA	NA	FH	F	0.10700000000000001	NA	NA	879WKG	2-2	FP	hook	kaal	NA	NA	NA	hook	HK	H	HK x H
P	F	56	879-10-1 x 892-3ID9	879WKG	10-1	892WKG	3ID9	879-2-2	NA	NA	NA	NA	FH	F	0.233	NA	NA	879WKG	2-2	FP	hook	kaal	NA	NA	NA	hook	HK	H	HK x H
P	F	57	879-10-1 x 892-3ID9	879WKG	10-1	892WKG	3ID9	879-2-2	NA	NA	NA	NA	FH	F	0.22799999999999998	NA	NA	879WKG	2-2	FP	hook	kaal	NA	NA	NA	hook	HK	H	HK x H
P	F	60	879-10-1 x 892-3ID9	879WKG	10-1	892WKG	3ID9	892-1	NA	NA	NA	NA	FK	F	0.22000000000000003	NA	NA	892WKG	1	FP	hook	kaal	NA	NA	NA	kaal	HK	K	HK x K
P	F	61	879-10-1 x 892-3ID9	879WKG	10-1	892WKG	3ID9	892-1	NA	NA	NA	NA	FK	F	0.188	NA	NA	892WKG	1	FP	hook	kaal	NA	NA	NA	kaal	HK	K	HK x K
P	F	62	879-10-1 x 892-3ID9	879WKG	10-1	892WKG	3ID9	892-1	NA	NA	NA	NA	FK	F	0.20800000000000002	NA	NA	892WKG	1	FP	hook	kaal	NA	NA	NA	kaal	HK	K	HK x K
P	F	63	879-10-1 x 892-3ID9	879WKG	10-1	892WKG	3ID9	892-1	NA	NA	NA	NA	FK	F	0.198	NA	NA	892WKG	1	FP	hook	kaal	NA	NA	NA	kaal	HK	K	HK x K
P	F	64	879-10-1 x 904-3ID1	879WKG	10-1	904WPG	3ID1	879-2-2	NA	NA	NA	NA	FH	F	0.162	NA	NA	879WKG	2-2	FP	hook	kaal	NA	NA	NA	hook	HK	H	HK x H
P	F	65	879-10-1 x 904-5ID4	879WKG	10-1	904WPG	5ID4	879-2-2	NA	NA	NA	NA	FH	F	0.238	NA	NA	879WKG	2-2	FP	hook	kaal	NA	NA	NA	hook	HK	H	HK x H
P	F	66	879-10-1 x 904-5ID4	879WKG	10-1	904WPG	5ID4	879-2-2	NA	NA	NA	NA	FH	F	0.231	NA	NA	879WKG	2-2	FP	hook	kaal	NA	NA	NA	hook	HK	H	HK x H
P	F	67	879-10-1 x 904-5ID4	879WKG	10-1	904WPG	5ID4	879-2-2	NA	NA	NA	NA	FH	F	0.223	NA	NA	879WKG	2-2	FP	hook	kaal	NA	NA	NA	hook	HK	H	HK x H
P	F	68	879-10-1 x 904-5ID4	879WKG	10-1	904WPG	5ID4	879-2-2	NA	NA	NA	NA	FH	F	0.198	NA	NA	879WKG	2-2	FP	hook	kaal	NA	NA	NA	hook	HK	H	HK x H
P	F	69	879-10-1 x 904-5ID4	879WKG	10-1	904WPG	5ID4	879-2-2	NA	NA	NA	NA	FH	F	0.24700000000000003	NA	NA	879WKG	2-2	FP	hook	kaal	NA	NA	NA	hook	HK	H	HK x H
P	F	70	879-10-1 x 904-5ID4	879WKG	10-1	904WPG	5ID4	879-2-2	NA	NA	NA	NA	FH	F	0.24700000000000003	NA	NA	879WKG	2-2	FP	hook	kaal	NA	NA	NA	hook	HK	H	HK x H
P	F	127	879-2-2 x 892-10ID1	879WKG	2-2	892WKG	10ID1	879-10-1	NA	NA	NA	NA	FH	F	0.20800000000000002	NA	NA	879WKG	10-1	FP	hook	kaal	NA	NA	NA	hook	HK	H	HK x H
P	F	128	879-2-2 x 892-10ID1	879WKG	2-2	892WKG	10ID1	879-10-1	NA	NA	NA	NA	FH	F	0.21000000000000002	NA	NA	879WKG	10-1	FP	hook	kaal	NA	NA	NA	hook	HK	H	HK x H
P	F	132	879-2-2 x 892-10ID1	879WKG	2-2	892WKG	10ID1	892-4	NA	NA	NA	NA	FK	F	0.197	NA	NA	892WKG	4	FP	hook	kaal	NA	NA	NA	kaal	HK	K	HK x K
P	F	133	879-2-2 x 892-4ID8	879WKG	2-2	892WKG	4ID8	879-10-1	NA	NA	NA	NA	FH	F	0.252	NA	NA	879WKG	10-1	FP	hook	kaal	NA	NA	NA	hook	HK	H	HK x H
P	F	134	879-2-2 x 892-4ID8	879WKG	2-2	892WKG	4ID8	879-10-1	NA	NA	NA	NA	FH	F	0.248	NA	NA	879WKG	10-1	FP	hook	kaal	NA	NA	NA	hook	HK	H	HK x H
P	F	135	879-2-2 x 904-3ID11	879WKG	2-2	904WPG	3ID11	879-G-2	NA	NA	NA	NA	FH	F	0.22999999999999998	NA	NA	879WKG	G-2	FP	hook	kaal	NA	NA	NA	hook	HK	H	HK x H
P	F	136	879-2-2 x 904-3ID11	879WKG	2-2	904WPG	3ID11	879-G-2	NA	NA	NA	NA	FH	F	0.24900000000000003	NA	NA	879WKG	G-2	FP	hook	kaal	NA	NA	NA	hook	HK	H	HK x H
P	F	141	879-G-2 x 904-3ID5	879WKG	G-2	904WPG	3ID5	879-2-2	NA	NA	NA	NA	FH	F	0.197	NA	NA	879WKG	2-2	FP	hook	kaal	NA	NA	NA	hook	HK	H	HK x H
P	F	143	879-G-2 x 904-3ID5	879WKG	G-2	904WPG	3ID5	904-5	NA	NA	NA	NA	FK	F	0.177	NA	NA	904WPG	5	FP	hook	kaal	NA	NA	NA	kaal	HK	K	HK x K
P	F	144	879-G-2 x 904-3ID5	879WKG	G-2	904WPG	3ID5	904-5	NA	NA	NA	NA	FK	F	0.18	NA	NA	904WPG	5	FP	hook	kaal	NA	NA	NA	kaal	HK	K	HK x K
P	F	145	879-G-2 x 904-5ID1	879WKG	G-2	904WPG	5ID1	866-2ID11	NA	NA	NA	NA	FH	F	0.197	NA	NA	WK	2ID11	FP	hook	kaal	NA	NA	NA	hook	HK	H	HK x H
P	F	151	892-1 x 879-2-2ID1	892WKG	1	879WKG	2-2ID1	892-10	NA	NA	NA	NA	FK	F	0.21600000000000003	NA	NA	892WKG	10	FP	kaal	hook	NA	NA	NA	kaal	KH	K	KH x K
P	F	152	892-1 x 879-2-2ID1	892WKG	1	879WKG	2-2ID1	892-10	NA	NA	NA	NA	FK	F	0.23500000000000001	NA	NA	892WKG	10	FP	kaal	hook	NA	NA	NA	kaal	KH	K	KH x K
P	F	153	892-1 x 879-2-2ID1	892WKG	1	879WKG	2-2ID1	892-10	NA	NA	NA	NA	FK	F	0.22400000000000003	NA	NA	892WKG	10	FP	kaal	hook	NA	NA	NA	kaal	KH	K	KH x K
P	F	155	892-10 x 879-10-1ID1	892WKG	10	879WKG	10-1ID1	879-2-2	NA	NA	NA	NA	FH	F	0.233	NA	NA	879WKG	2-2	FP	kaal	hook	NA	NA	NA	hook	KH	H	KH x H
P	F	157	892-10 x 879-10-1ID1	892WKG	10	879WKG	10-1ID1	892-4	NA	NA	NA	NA	FK	F	0.194	NA	NA	892WKG	4	FP	kaal	hook	NA	NA	NA	kaal	KH	K	KH x K
P	F	158	892-10 x 879-10-1ID1	892WKG	10	879WKG	10-1ID1	892-4	NA	NA	NA	NA	FK	F	0.189	NA	NA	892WKG	4	FP	kaal	hook	NA	NA	NA	kaal	KH	K	KH x K
P	F	159	892-3 x 879-10-1ID1	892WKG	3	879WKG	10-1ID1	879-2-2	NA	NA	NA	NA	FH	F	0.158	NA	NA	879WKG	2-2	FP	kaal	hook	NA	NA	NA	hook	KH	H	KH x H
P	F	160	892-3 x 879-10-1ID1	892WKG	3	879WKG	10-1ID1	879-2-2	NA	NA	NA	NA	FH	F	0.173	NA	NA	879WKG	2-2	FP	kaal	hook	NA	NA	NA	hook	KH	H	KH x H
P	F	161	892-3 x 879-10-1ID1	892WKG	3	879WKG	10-1ID1	879-2-2	NA	NA	NA	NA	FH	F	0.13799999999999998	NA	NA	879WKG	2-2	FP	kaal	hook	NA	NA	NA	hook	KH	H	KH x H
P	F	162	892-3 x 879-10-1ID1	892WKG	3	879WKG	10-1ID1	879-G-2	NA	NA	NA	NA	FH	F	0.159	NA	NA	879WKG	G-2	FP	kaal	hook	NA	NA	NA	hook	KH	H	KH x H
P	F	163	892-3 x 879-10-1ID1	892WKG	3	879WKG	10-1ID1	892-10	NA	NA	NA	NA	FK	F	0.16299999999999998	NA	NA	892WKG	10	FP	kaal	hook	NA	NA	NA	kaal	KH	K	KH x K
P	F	164	892-3 x 879-10-1ID1	892WKG	3	879WKG	10-1ID1	892-10	NA	NA	NA	NA	FK	F	0.198	NA	NA	892WKG	10	FP	kaal	hook	NA	NA	NA	kaal	KH	K	KH x K
P	F	165	892-3 x 879-2-2ID1	892WKG	3	879WKG	2-2ID1	879-10-1	NA	NA	NA	NA	FH	F	0.213	NA	NA	879WKG	10-1	FP	kaal	hook	NA	NA	NA	hook	KH	H	KH x H
P	F	166	892-3 x 879-2-2ID1	892WKG	3	879WKG	2-2ID1	879-10-1	NA	NA	NA	NA	FH	F	0.219	NA	NA	879WKG	10-1	FP	kaal	hook	NA	NA	NA	hook	KH	H	KH x H
P	F	167	892-3 x 879-2-2ID1	892WKG	3	879WKG	2-2ID1	879-10-1	NA	NA	NA	NA	FH	F	0.20400000000000001	NA	NA	879WKG	10-1	FP	kaal	hook	NA	NA	NA	hook	KH	H	KH x H
P	F	168	892-3 x 879-2-2ID1	892WKG	3	879WKG	2-2ID1	879-10-1	NA	NA	NA	NA	FH	F	0.178	NA	NA	879WKG	10-1	FP	kaal	hook	NA	NA	NA	hook	KH	H	KH x H
P	F	169	892-3 x 879-2-2ID1	892WKG	3	879WKG	2-2ID1	879-10-1	NA	NA	NA	NA	FH	F	0.198	NA	NA	879WKG	10-1	FP	kaal	hook	NA	NA	NA	hook	KH	H	KH x H
P	F	170	892-3 x 879-2-2ID1	892WKG	3	879WKG	2-2ID1	879-10-1	NA	NA	NA	NA	FH	F	0.20299999999999999	NA	NA	879WKG	10-1	FP	kaal	hook	NA	NA	NA	hook	KH	H	KH x H
P	F	171	892-3 x 879-2-2ID1	892WKG	3	879WKG	2-2ID1	879-10-1	NA	NA	NA	NA	FH	F	0.209	NA	NA	879WKG	10-1	FP	kaal	hook	NA	NA	NA	hook	KH	H	KH x H
P	F	184	892-4 x 879-G-2ID2	892WKG	4	879WKG	G-2ID2	892-10	NA	NA	NA	NA	FK	F	0.156	NA	NA	892WKG	10	FP	kaal	hook	NA	NA	NA	kaal	KH	K	KH x K
P	F	185	892-4 x 879-G-2ID2	892WKG	4	879WKG	G-2ID2	892-10	NA	NA	NA	NA	FK	F	0.18	NA	NA	892WKG	10	FP	kaal	hook	NA	NA	NA	kaal	KH	K	KH x K
P	F	186	892-4 x 879-G-2ID2	892WKG	4	879WKG	G-2ID2	892-10	NA	NA	NA	NA	FK	F	0.162	NA	NA	892WKG	10	FP	kaal	hook	NA	NA	NA	kaal	KH	K	KH x K
P	F	187	892-4 x 879-G-2ID2	892WKG	4	879WKG	G-2ID2	892-10	NA	NA	NA	NA	FK	F	0.209	NA	NA	892WKG	10	FP	kaal	hook	NA	NA	NA	kaal	KH	K	KH x K
P	F	188	904-2 x 879-G-2ID3	904WPG	2	879WKG	G-2ID3	879-10-1	NA	NA	NA	NA	FH	F	0.20400000000000001	NA	NA	879WKG	10-1	FP	kaal	hook	NA	NA	NA	hook	KH	H	KH x H
P	F	189	904-2 x 879-G-2ID3	904WPG	2	879WKG	G-2ID3	904-5	NA	NA	NA	NA	FK	F	0.177	NA	NA	904WPG	5	FP	kaal	hook	NA	NA	NA	kaal	KH	K	KH x K
P	F	190	904-2 x 879-G-2ID3	904WPG	2	879WKG	G-2ID3	904-5	NA	NA	NA	NA	FK	F	0.178	NA	NA	904WPG	5	FP	kaal	hook	NA	NA	NA	kaal	KH	K	KH x K
P	F	191	904-2 x 879-G-2ID3	904WPG	2	879WKG	G-2ID3	904-5	NA	NA	NA	NA	FK	F	0.191	NA	NA	904WPG	5	FP	kaal	hook	NA	NA	NA	kaal	KH	K	KH x K
P	F	192	904-2 x 879-G-2ID3	904WPG	2	879WKG	G-2ID3	904-5	NA	NA	NA	NA	FK	F	0.18	NA	NA	904WPG	5	FP	kaal	hook	NA	NA	NA	kaal	KH	K	KH x K
P	F	193	904-2 x 879-G-2ID3	904WPG	2	879WKG	G-2ID3	904-5	NA	NA	NA	NA	FK	F	0.184	NA	NA	904WPG	5	FP	kaal	hook	NA	NA	NA	kaal	KH	K	KH x K
P	F	198	904-3 x 879-10-1ID2	904WPG	3	879WKG	10-1ID2	879-2-2	NA	NA	NA	NA	FH	F	0.253	NA	NA	879WKG	2-2	FP	kaal	hook	NA	NA	NA	hook	KH	H	KH x H
P	F	199	904-3 x 879-10-1ID2	904WPG	3	879WKG	10-1ID2	879-2-2	NA	NA	NA	NA	FH	F	0.205	NA	NA	879WKG	2-2	FP	kaal	hook	NA	NA	NA	hook	KH	H	KH x H
P	F	200	904-3 x 879-10-1ID2	904WPG	3	879WKG	10-1ID2	879-2-2	NA	NA	NA	NA	FH	F	0.24100000000000002	NA	NA	879WKG	2-2	FP	kaal	hook	NA	NA	NA	hook	KH	H	KH x H
P	F	201	904-3 x 879-10-1ID2	904WPG	3	879WKG	10-1ID2	879-2-2	NA	NA	NA	NA	FH	F	0.229	NA	NA	879WKG	2-2	FP	kaal	hook	NA	NA	NA	hook	KH	H	KH x H
P	F	202	904-3 x 879-10-1ID2	904WPG	3	879WKG	10-1ID2	879-2-2	NA	NA	NA	NA	FH	F	0.227	NA	NA	879WKG	2-2	FP	kaal	hook	NA	NA	NA	hook	KH	H	KH x H
P	F	203	904-3 x 879-10-1ID2	904WPG	3	879WKG	10-1ID2	879-2-2	NA	NA	NA	NA	FH	F	0.209	NA	NA	879WKG	2-2	FP	kaal	hook	NA	NA	NA	hook	KH	H	KH x H
P	F	204	904-3 x 879-10-1ID2	904WPG	3	879WKG	10-1ID2	879-2-2	NA	NA	NA	NA	FH	F	0.22799999999999998	NA	NA	879WKG	2-2	FP	kaal	hook	NA	NA	NA	hook	KH	H	KH x H
P	F	205	904-3 x 879-10-1ID2	904WPG	3	879WKG	10-1ID2	879-2-2	NA	NA	NA	NA	FH	F	0.22599999999999998	NA	NA	879WKG	2-2	FP	kaal	hook	NA	NA	NA	hook	KH	H	KH x H
P	F	209	904-3 x 879-G-2ID3	904WPG	3	879WKG	G-2ID3	879-10-1	NA	NA	NA	NA	FH	F	0.238	NA	NA	879WKG	10-1	FP	kaal	hook	NA	NA	NA	hook	KH	H	KH x H
P	F	212	904-3 x 879-G-2ID3	904WPG	3	879WKG	G-2ID3	904-5	NA	NA	NA	NA	FK	F	0.22799999999999998	NA	NA	904WPG	5	FP	kaal	hook	NA	NA	NA	kaal	KH	K	KH x K
P	F	220	904-5 x 879-10-1ID1	904WPG	5	879WKG	10-1ID1	904-2	NA	NA	NA	NA	FK	F	0.186	NA	NA	904WPG	2	FP	kaal	hook	NA	NA	NA	kaal	KH	K	KH x K
P	F	221	904-5 x 879-10-1ID1	904WPG	5	879WKG	10-1ID1	904-2	NA	NA	NA	NA	FK	F	0.179	NA	NA	904WPG	2	FP	kaal	hook	NA	NA	NA	kaal	KH	K	KH x K
P	F	224	904-5 x 879-G-2ID3	904WPG	5	879WKG	G-2ID3	879-10-1	NA	NA	NA	NA	FH	F	0.205	NA	NA	879WKG	10-1	FP	kaal	hook	NA	NA	NA	hook	KH	H	KH x H
P	F	225	904-5 x 879-G-2ID3	904WPG	5	879WKG	G-2ID3	879-10-1	NA	NA	NA	NA	FH	F	0.158	NA	NA	879WKG	10-1	FP	kaal	hook	NA	NA	NA	hook	KH	H	KH x H
P	F	226	904-5 x 879-G-2ID3	904WPG	5	879WKG	G-2ID3	904-2	NA	NA	NA	NA	FK	F	0.182	NA	NA	904WPG	2	FP	kaal	hook	NA	NA	NA	kaal	KH	K	KH x K
P	F	227	904-5 x 879-G-2ID3	904WPG	5	879WKG	G-2ID3	904-2	NA	NA	NA	NA	FK	F	0.185	NA	NA	904WPG	2	FP	kaal	hook	NA	NA	NA	kaal	KH	K	KH x K
