dadgeneration	momgeneration	momfullcross	mommompop	mommomid	momdadpop	momdadid	dadfullcross	dadmompop	dadmomid	daddadpop	dadadid	pollinationid	crossid	pollendonor	emasculation.date	pollination.date	viable.seeds	inviable.seeds	comments	capsule.formed	mompop	momid	dadpop	dadid	generation	mommomsp	momdadsp	dadmomsp	daddadsp	momsp	dadsp	momcross	dadcross	momdadcross
F	F	879 10-1 x 892-1 ID 1	879WKG	10-1	892WKG	1 ID 1	879 2-2 x 892-10 ID 7	879WKG	2-2	892WKG	10 ID 7	368	49-1	H	2019-05-31	2019-06-04	0	0	NA	FALSE	NA	NA	NA	NA	FF	hook	kaal	hook	kaal	NA	NA	HK	HK	HK x HK
F	F	879 10-1 x 892-1 ID 1	879WKG	10-1	892WKG	1 ID 1	879 2-2 x 892-10 ID 7	879WKG	2-2	892WKG	10 ID 7	369	49-1	H	2019-05-31	2019-06-04	1	1	NA	TRUE	NA	NA	NA	NA	FF	hook	kaal	hook	kaal	NA	NA	HK	HK	HK x HK
F	F	879 10-1 x 892-1 ID 1	879WKG	10-1	892WKG	1 ID 1	879 2-2 x 892-10 ID 7	879WKG	2-2	892WKG	10 ID 7	372	49-1	H	2019-05-31	2019-06-04	0	0	NA	FALSE	NA	NA	NA	NA	FF	hook	kaal	hook	kaal	NA	NA	HK	HK	HK x HK
F	F	879 10-1 x 892-1 ID 1	879WKG	10-1	892WKG	1 ID 1	879 2-2 x 892-10 ID 7	879WKG	2-2	892WKG	10 ID 7	373	49-1	H	2019-05-31	2019-06-04	0	0	NA	FALSE	NA	NA	NA	NA	FF	hook	kaal	hook	kaal	NA	NA	HK	HK	HK x HK
F	F	879 10-1 x 892-3 ID 9	879WKG	10-1	892WKG	3 ID 9	879 2-2 x 892-4 ID 12	879WKG	2-2	892WKG	4 ID 12	102	54-4	H	2018-11-23	2018-11-27	5	0	NA	TRUE	NA	NA	NA	NA	FF	hook	kaal	hook	kaal	NA	NA	HK	HK	HK x HK
F	F	879 10-1 x 904-5 ID 4	879WKG	10-1	904WPG	5 ID 4	879 G-2 x 904-3 ID 3	879WKG	G-2	904WPG	3 ID 3	367	61-8	H	2019-05-31	2019-06-04	0	0	Capsule aborted before bagging; bagged	FALSE	NA	NA	NA	NA	FF	hook	kaal	hook	kaal	NA	NA	HK	HK	HK x HK
F	F	879 10-1 x 904-5 ID 4	879WKG	10-1	904WPG	5 ID 4	879 G-2 x 904-3 ID 3	879WKG	G-2	904WPG	3 ID 3	45	61-8	H	2018-11-09	2018-11-13	13	0	NA	TRUE	NA	NA	NA	NA	FF	hook	kaal	hook	kaal	NA	NA	HK	HK	HK x HK
F	F	879 10-1 x 904-5 ID 4	879WKG	10-1	904WPG	5 ID 4	879 G-2 x 904-3 ID 3	879WKG	G-2	904WPG	3 ID 3	363	61-8	H	2019-05-31	2019-06-04	11	2	NA	TRUE	NA	NA	NA	NA	FF	hook	kaal	hook	kaal	NA	NA	HK	HK	HK x HK
F	F	879 10-1 x 904-5 ID 4	879WKG	10-1	904WPG	5 ID 4	879 G-2 x 904-3 ID 3	879WKG	G-2	904WPG	3 ID 3	364	61-8	H	2019-05-31	2019-06-04	0	0	NA	FALSE	NA	NA	NA	NA	FF	hook	kaal	hook	kaal	NA	NA	HK	HK	HK x HK
F	F	879 10-1 x 904-5 ID 4	879WKG	10-1	904WPG	5 ID 4	879 G-2 x 904-3 ID 3	879WKG	G-2	904WPG	3 ID 3	365	61-8	H	2019-05-31	2019-06-04	5	2	NA	TRUE	NA	NA	NA	NA	FF	hook	kaal	hook	kaal	NA	NA	HK	HK	HK x HK
F	F	879 10-1 x 904-5 ID 4	879WKG	10-1	904WPG	5 ID 4	879 G-2 x 904-3 ID 3	879WKG	G-2	904WPG	3 ID 3	366	61-8	H	2019-05-31	2019-06-04	0	0	NA	FALSE	NA	NA	NA	NA	FF	hook	kaal	hook	kaal	NA	NA	HK	HK	HK x HK
F	F	879 2-2 x 892-10 ID 1	879WKG	2-2	892WKG	10 ID 1	879 10-1 x 892-3 ID 8	879WKG	10-1	892WKG	3 ID 8	43	78-7	H	2018-11-09	2018-11-13	0	0	Capsule aborted after bagging	FALSE	NA	NA	NA	NA	FF	hook	kaal	hook	kaal	NA	NA	HK	HK	HK x HK
F	F	879 2-2 x 892-10 ID 1	879WKG	2-2	892WKG	10 ID 1	879 10-1 x 892-3 ID 8	879WKG	10-1	892WKG	3 ID 8	355	78-7	H	2019-05-24	2019-05-28	0	0	NA	FALSE	NA	NA	NA	NA	FF	hook	kaal	hook	kaal	NA	NA	HK	HK	HK x HK
F	F	879 2-2 x 892-10 ID 1	879WKG	2-2	892WKG	10 ID 1	879 10-1 x 892-3 ID 8	879WKG	10-1	892WKG	3 ID 8	356	78-7	H	2019-05-24	2019-05-28	0	0	NA	FALSE	NA	NA	NA	NA	FF	hook	kaal	hook	kaal	NA	NA	HK	HK	HK x HK
F	F	879 2-2 x 892-10 ID 1	879WKG	2-2	892WKG	10 ID 1	879 10-1 x 892-3 ID 8	879WKG	10-1	892WKG	3 ID 8	361	78-11	H	2019-05-24	2019-05-28	0	0	Partially closed	FALSE	NA	NA	NA	NA	FF	hook	kaal	hook	kaal	NA	NA	HK	HK	HK x HK
F	F	879 2-2 x 892-10 ID 1	879WKG	2-2	892WKG	10 ID 1	879 10-1 x 892-3 ID 8	879WKG	10-1	892WKG	3 ID 8	357	78-11	H	2019-05-24	2019-05-28	0	0	NA	FALSE	NA	NA	NA	NA	FF	hook	kaal	hook	kaal	NA	NA	HK	HK	HK x HK
F	F	879 2-2 x 892-10 ID 1	879WKG	2-2	892WKG	10 ID 1	879 10-1 x 892-3 ID 8	879WKG	10-1	892WKG	3 ID 8	360	78-11	H	2019-05-24	2019-05-28	0	0	NA	FALSE	NA	NA	NA	NA	FF	hook	kaal	hook	kaal	NA	NA	HK	HK	HK x HK
F	F	879 2-2 x 892-10 ID 1	879WKG	2-2	892WKG	10 ID 1	879 10-1 x 892-3 ID 8	879WKG	10-1	892WKG	3 ID 8	362	78-11	H	2019-05-24	2019-05-28	0	0	NA	FALSE	NA	NA	NA	NA	FF	hook	kaal	hook	kaal	NA	NA	HK	HK	HK x HK
F	F	879 10-1 x 892-3 ID 9	879WKG	10-1	892WKG	3 ID 9	879 2-2 x 892-4 ID 12	879WKG	2-2	892WKG	4 ID 12	78	54-2	K	2018-11-16	2018-11-20	4	0	NA	TRUE	NA	NA	NA	NA	FF	hook	kaal	hook	kaal	NA	NA	HK	HK	HK x HK
F	F	879 10-1 x 892-3 ID 9	879WKG	10-1	892WKG	3 ID 9	879 2-2 x 892-4 ID 12	879WKG	2-2	892WKG	4 ID 12	71	54-4	K	2018-11-16	2018-11-20	1	0	NA	TRUE	NA	NA	NA	NA	FF	hook	kaal	hook	kaal	NA	NA	HK	HK	HK x HK
F	F	879 10-1 x 904-5 ID 4	879WKG	10-1	904WPG	5 ID 4	879 G-2 x 904-3 ID 3	879WKG	G-2	904WPG	3 ID 3	26	61-8	K	2018-11-02	2018-11-06	0	0	Capsule aborted after bagging	FALSE	NA	NA	NA	NA	FF	hook	kaal	hook	kaal	NA	NA	HK	HK	HK x HK
F	F	879 10-1 x 904-5 ID 4	879WKG	10-1	904WPG	5 ID 4	879 G-2 x 904-3 ID 3	879WKG	G-2	904WPG	3 ID 3	27	61-8	K	2018-11-02	2018-11-06	0	1	NA	FALSE	NA	NA	NA	NA	FF	hook	kaal	hook	kaal	NA	NA	HK	HK	HK x HK
F	F	879 10-1 x 904-5 ID 4	879WKG	10-1	904WPG	5 ID 4	879 G-2 x 904-3 ID 3	879WKG	G-2	904WPG	3 ID 3	28	61-8	K	2018-11-02	2018-11-06	2	0	NA	TRUE	NA	NA	NA	NA	FF	hook	kaal	hook	kaal	NA	NA	HK	HK	HK x HK
F	F	879 10-1 x 904-5 ID 4	879WKG	10-1	904WPG	5 ID 4	879 G-2 x 904-3 ID 3	879WKG	G-2	904WPG	3 ID 3	29	61-8	K	2018-11-02	2018-11-06	10	0	NA	TRUE	NA	NA	NA	NA	FF	hook	kaal	hook	kaal	NA	NA	HK	HK	HK x HK
F	F	879 10-1 x 904-5 ID 4	879WKG	10-1	904WPG	5 ID 4	879 G-2 x 904-3 ID 3	879WKG	G-2	904WPG	3 ID 3	30	61-8	K	2018-11-02	2018-11-06	4	0	NA	TRUE	NA	NA	NA	NA	FF	hook	kaal	hook	kaal	NA	NA	HK	HK	HK x HK
F	F	879 10-1 x 904-5 ID 4	879WKG	10-1	904WPG	5 ID 4	879 G-2 x 904-3 ID 3	879WKG	G-2	904WPG	3 ID 3	31	61-8	K	2018-11-02	2018-11-06	6	1	NA	TRUE	NA	NA	NA	NA	FF	hook	kaal	hook	kaal	NA	NA	HK	HK	HK x HK
F	F	879 10-1 x 904-5 ID 4	879WKG	10-1	904WPG	5 ID 4	879 G-2 x 904-3 ID 3	879WKG	G-2	904WPG	3 ID 3	76	61-8	K	2018-11-16	2018-11-20	7	0	NA	TRUE	NA	NA	NA	NA	FF	hook	kaal	hook	kaal	NA	NA	HK	HK	HK x HK
F	F	879 2-2 x 892-10 ID 1	879WKG	2-2	892WKG	10 ID 1	879 10-1 x 892-3 ID 8	879WKG	10-1	892WKG	3 ID 8	296	78-1	K	2019-04-19	2019-04-23	2	1	Capsule aborted after bagging	TRUE	NA	NA	NA	NA	FF	hook	kaal	hook	kaal	NA	NA	HK	HK	HK x HK
F	F	879 2-2 x 892-10 ID 1	879WKG	2-2	892WKG	10 ID 1	879 10-1 x 892-3 ID 8	879WKG	10-1	892WKG	3 ID 8	88	78-1	K	2018-11-16	2018-11-20	0	3	NA	FALSE	NA	NA	NA	NA	FF	hook	kaal	hook	kaal	NA	NA	HK	HK	HK x HK
F	F	879 2-2 x 892-10 ID 1	879WKG	2-2	892WKG	10 ID 1	879 10-1 x 892-3 ID 8	879WKG	10-1	892WKG	3 ID 8	112	78-1	K	2018-11-23	2018-11-27	4	0	NA	TRUE	NA	NA	NA	NA	FF	hook	kaal	hook	kaal	NA	NA	HK	HK	HK x HK
F	F	879 2-2 x 892-10 ID 1	879WKG	2-2	892WKG	10 ID 1	879 10-1 x 892-3 ID 8	879WKG	10-1	892WKG	3 ID 8	74	78-7	K	2018-11-16	2018-11-20	2	0	NA	TRUE	NA	NA	NA	NA	FF	hook	kaal	hook	kaal	NA	NA	HK	HK	HK x HK
F	F	879 2-2 x 892-10 ID 1	879WKG	2-2	892WKG	10 ID 1	879 10-1 x 892-3 ID 8	879WKG	10-1	892WKG	3 ID 8	306	78-7	K	2019-04-26	2019-04-30	0	0	NA	FALSE	NA	NA	NA	NA	FF	hook	kaal	hook	kaal	NA	NA	HK	HK	HK x HK
F	F	879 2-2 x 892-10 ID 1	879WKG	2-2	892WKG	10 ID 1	879 10-1 x 892-3 ID 8	879WKG	10-1	892WKG	3 ID 8	308	78-7	K	2019-04-26	2019-04-30	0	0	NA	FALSE	NA	NA	NA	NA	FF	hook	kaal	hook	kaal	NA	NA	HK	HK	HK x HK
F	F	879 2-2 x 892-10 ID 1	879WKG	2-2	892WKG	10 ID 1	879 10-1 x 892-3 ID 8	879WKG	10-1	892WKG	3 ID 8	353	78-7	K	2019-05-24	2019-05-28	3	0	NA	TRUE	NA	NA	NA	NA	FF	hook	kaal	hook	kaal	NA	NA	HK	HK	HK x HK
F	F	879 2-2 x 892-10 ID 1	879WKG	2-2	892WKG	10 ID 1	879 10-1 x 892-3 ID 8	879WKG	10-1	892WKG	3 ID 8	95	78-11	K	2018-11-16	2018-11-20	0	1	NA	FALSE	NA	NA	NA	NA	FF	hook	kaal	hook	kaal	NA	NA	HK	HK	HK x HK
F	F	879 2-2 x 892-10 ID 1	879WKG	2-2	892WKG	10 ID 1	879 10-1 x 892-3 ID 8	879WKG	10-1	892WKG	3 ID 8	302	78-11	K	2019-04-19	2019-04-23	0	0	NA	FALSE	NA	NA	NA	NA	FF	hook	kaal	hook	kaal	NA	NA	HK	HK	HK x HK
F	F	879 2-2 x 892-10 ID 1	879WKG	2-2	892WKG	10 ID 1	879 10-1 x 892-3 ID 8	879WKG	10-1	892WKG	3 ID 8	303	78-11	K	2019-04-19	2019-04-23	2	0	NA	TRUE	NA	NA	NA	NA	FF	hook	kaal	hook	kaal	NA	NA	HK	HK	HK x HK
F	F	879 2-2 x 892-10 ID 1	879WKG	2-2	892WKG	10 ID 1	879 10-1 x 892-3 ID 8	879WKG	10-1	892WKG	3 ID 8	305	78-11	K	2019-04-19	2019-04-23	0	1	NA	FALSE	NA	NA	NA	NA	FF	hook	kaal	hook	kaal	NA	NA	HK	HK	HK x HK
F	F	892-3 x 879 2-2 ID 1	892WKG	3	879WKG	2-2 ID 1	892-10 x 879 10-1 ID 2	892WKG	10	879WKG	10-1 ID 2	347	131-1	H	2019-05-17	2019-05-21	0	0	Partially closed	FALSE	NA	NA	NA	NA	FF	kaal	hook	kaal	hook	NA	NA	KH	KH	KH x KH
F	F	892-3 x 879 2-2 ID 1	892WKG	3	879WKG	2-2 ID 1	892-10 x 879 10-1 ID 2	892WKG	10	879WKG	10-1 ID 2	348	131-1	H	2019-05-17	2019-05-21	0	0	Partially closed	FALSE	NA	NA	NA	NA	FF	kaal	hook	kaal	hook	NA	NA	KH	KH	KH x KH
F	F	892-4 x 879 G-2 ID 2	892WKG	4	879WKG	G-2 ID 2	892-1 x 879 2-2 ID 1	892WKG	1	879WKG	2-2 ID 1	146	137-1	H	2019-01-11	2019-01-15	0	0	Capsule aborted after bagging	FALSE	NA	NA	NA	NA	FF	kaal	hook	kaal	hook	NA	NA	KH	KH	KH x KH
F	F	892-4 x 879 G-2 ID 2	892WKG	4	879WKG	G-2 ID 2	892-1 x 879 2-2 ID 1	892WKG	1	879WKG	2-2 ID 1	144	137-1	H	2019-01-11	2019-01-15	1	0	NA	TRUE	NA	NA	NA	NA	FF	kaal	hook	kaal	hook	NA	NA	KH	KH	KH x KH
F	F	904-3 x 879 G-2 ID 3	904WPG	3	879WKG	G-2 ID 3	904-2 x 879 2-2 ID 2	904WPG	2	879WKG	2-2 ID 2	351	162-2	H	2019-05-24	2019-05-28	0	0	Branch seemed to be dying	FALSE	NA	NA	NA	NA	FF	kaal	hook	kaal	hook	NA	NA	KH	KH	KH x KH
F	F	904-3 x 879 G-2 ID 3	904WPG	3	879WKG	G-2 ID 3	904-2 x 879 2-2 ID 2	904WPG	2	879WKG	2-2 ID 2	103	162-2	H	2018-11-23	2018-11-27	18	0	NA	TRUE	NA	NA	NA	NA	FF	kaal	hook	kaal	hook	NA	NA	KH	KH	KH x KH
F	F	904-3 x 879 G-2 ID 3	904WPG	3	879WKG	G-2 ID 3	904-2 x 879 2-2 ID 2	904WPG	2	879WKG	2-2 ID 2	136	162-2	H	2019-01-11	2019-01-15	9	16	NA	TRUE	NA	NA	NA	NA	FF	kaal	hook	kaal	hook	NA	NA	KH	KH	KH x KH
F	F	904-3 x 879 G-2 ID 3	904WPG	3	879WKG	G-2 ID 3	904-2 x 879 2-2 ID 2	904WPG	2	879WKG	2-2 ID 2	350	162-2	H	2019-05-24	2019-05-28	0	2	NA	FALSE	NA	NA	NA	NA	FF	kaal	hook	kaal	hook	NA	NA	KH	KH	KH x KH
F	F	904-3 x 879 G-2 ID 3	904WPG	3	879WKG	G-2 ID 3	904-2 x 879 2-2 ID 2	904WPG	2	879WKG	2-2 ID 2	352	162-2	H	2019-05-24	2019-05-28	18	1	NA	TRUE	NA	NA	NA	NA	FF	kaal	hook	kaal	hook	NA	NA	KH	KH	KH x KH
F	F	904-5 x 879 10-1 ID 1	904WPG	5	879WKG	10-1 ID 1	904-2 x 879 202 ID 5	904WPG	2	879WKG	202 ID 5	152	177-2	H	2019-01-18	2019-01-22	0	0	Capsule aborted after bagging	FALSE	NA	NA	NA	NA	FF	kaal	hook	kaal	hook	NA	NA	KH	KH	KH x KH
F	F	904-5 x 879 10-1 ID 1	904WPG	5	879WKG	10-1 ID 1	904-2 x 879 202 ID 5	904WPG	2	879WKG	202 ID 5	142	177-2	H	2019-01-11	2019-01-15	0	3	NA	FALSE	NA	NA	NA	NA	FF	kaal	hook	kaal	hook	NA	NA	KH	KH	KH x KH
F	F	904-5 x 879 G-2 ID 3	904WPG	5	879WKG	G-2 ID 3	904-3 x 879 H-2 ID 4	904WPG	3	879WKG	H-2 ID 4	98	180-1	H	2018-11-16	2018-11-20	0	0	Capsule aborted after bagging	FALSE	NA	NA	NA	NA	FF	kaal	hook	kaal	hook	NA	NA	KH	KH	KH x KH
F	F	892-3 x 879 2-2 ID 1	892WKG	3	879WKG	2-2 ID 1	892-10 x 879 10-1 ID 2	892WKG	10	879WKG	10-1 ID 2	32	131-3	K	2018-11-02	2018-11-06	0	0	Capsule aborted after bagging	FALSE	NA	NA	NA	NA	FF	kaal	hook	kaal	hook	NA	NA	KH	KH	KH x KH
F	F	892-3 x 879 2-2 ID 1	892WKG	3	879WKG	2-2 ID 1	892-10 x 879 10-1 ID 2	892WKG	10	879WKG	10-1 ID 2	33	131-3	K	2018-11-02	2018-11-06	0	0	Capsule aborted after bagging	FALSE	NA	NA	NA	NA	FF	kaal	hook	kaal	hook	NA	NA	KH	KH	KH x KH
F	F	892-3 x 879 2-2 ID 1	892WKG	3	879WKG	2-2 ID 1	892-10 x 879 10-1 ID 2	892WKG	10	879WKG	10-1 ID 2	34	131-3	K	2018-11-02	2018-11-06	0	0	Capsule aborted after bagging	FALSE	NA	NA	NA	NA	FF	kaal	hook	kaal	hook	NA	NA	KH	KH	KH x KH
F	F	892-3 x 879 2-2 ID 1	892WKG	3	879WKG	2-2 ID 1	892-10 x 879 10-1 ID 2	892WKG	10	879WKG	10-1 ID 2	35	131-3	K	2018-11-02	2018-11-06	0	0	Capsule aborted after bagging	FALSE	NA	NA	NA	NA	FF	kaal	hook	kaal	hook	NA	NA	KH	KH	KH x KH
F	F	892-3 x 879 2-2 ID 1	892WKG	3	879WKG	2-2 ID 1	892-10 x 879 10-1 ID 2	892WKG	10	879WKG	10-1 ID 2	44	131-3	K	2018-11-09	2018-11-13	0	0	Capsule aborted after bagging	FALSE	NA	NA	NA	NA	FF	kaal	hook	kaal	hook	NA	NA	KH	KH	KH x KH
F	F	892-3 x 879 2-2 ID 1	892WKG	3	879WKG	2-2 ID 1	892-10 x 879 10-1 ID 2	892WKG	10	879WKG	10-1 ID 2	46	131-3	K	2018-11-09	2018-11-13	0	0	Capsule aborted after bagging	FALSE	NA	NA	NA	NA	FF	kaal	hook	kaal	hook	NA	NA	KH	KH	KH x KH
F	F	892-3 x 879 2-2 ID 1	892WKG	3	879WKG	2-2 ID 1	892-10 x 879 10-1 ID 2	892WKG	10	879WKG	10-1 ID 2	4	131-3	K	2018-10-31	2018-11-06	0	0	Capsule aborted after bagging	FALSE	NA	NA	NA	NA	FF	kaal	hook	kaal	hook	NA	NA	KH	KH	KH x KH
F	F	892-3 x 879 2-2 ID 1	892WKG	3	879WKG	2-2 ID 1	892-10 x 879 10-1 ID 2	892WKG	10	879WKG	10-1 ID 2	36	131-3	K	2018-11-02	2018-11-06	0	0	Capsule aborted before bagging; not bagged	FALSE	NA	NA	NA	NA	FF	kaal	hook	kaal	hook	NA	NA	KH	KH	KH x KH
F	F	892-3 x 879 2-2 ID 1	892WKG	3	879WKG	2-2 ID 1	892-10 x 879 10-1 ID 2	892WKG	10	879WKG	10-1 ID 2	37	131-3	K	2018-11-02	2018-11-06	0	0	Capsule aborted before bagging; not bagged	FALSE	NA	NA	NA	NA	FF	kaal	hook	kaal	hook	NA	NA	KH	KH	KH x KH
F	F	892-4 x 879 G-2 ID 2	892WKG	4	879WKG	G-2 ID 2	892-1 x 879 2-2 ID 1	892WKG	1	879WKG	2-2 ID 1	143	137-1	K	2019-01-11	2019-01-15	0	0	Capsule aborted before bagging; not bagged	FALSE	NA	NA	NA	NA	FF	kaal	hook	kaal	hook	NA	NA	KH	KH	KH x KH
F	F	892-4 x 879 G-2 ID 2	892WKG	4	879WKG	G-2 ID 2	892-1 x 879 2-2 ID 1	892WKG	1	879WKG	2-2 ID 1	346	137-1	K	2019-05-17	2019-05-21	0	0	Partially closed, capsule aborted before bagging; not bagged	FALSE	NA	NA	NA	NA	FF	kaal	hook	kaal	hook	NA	NA	KH	KH	KH x KH
F	F	892-4 x 879 G-2 ID 2	892WKG	4	879WKG	G-2 ID 2	892-1 x 879 2-2 ID 1	892WKG	1	879WKG	2-2 ID 1	343	137-1	K	2019-05-17	2019-05-21	0	0	NA	FALSE	NA	NA	NA	NA	FF	kaal	hook	kaal	hook	NA	NA	KH	KH	KH x KH
F	F	892-4 x 879 G-2 ID 2	892WKG	4	879WKG	G-2 ID 2	892-1 x 879 2-2 ID 1	892WKG	1	879WKG	2-2 ID 1	134	137-6	K	2019-01-11	2019-01-15	0	0	Capsule aborted after bagging	FALSE	NA	NA	NA	NA	FF	kaal	hook	kaal	hook	NA	NA	KH	KH	KH x KH
F	F	904-3 x 879 G-2 ID 3	904WPG	3	879WKG	G-2 ID 3	904-2 x 879 2-2 ID 2	904WPG	2	879WKG	2-2 ID 2	25	162-2	K	2018-11-02	2018-11-06	0	0	Capsule aborted after bagging	FALSE	NA	NA	NA	NA	FF	kaal	hook	kaal	hook	NA	NA	KH	KH	KH x KH
F	F	904-3 x 879 G-2 ID 3	904WPG	3	879WKG	G-2 ID 3	904-2 x 879 2-2 ID 2	904WPG	2	879WKG	2-2 ID 2	77	162-2	K	2018-11-16	2018-11-20	13	0	NA	TRUE	NA	NA	NA	NA	FF	kaal	hook	kaal	hook	NA	NA	KH	KH	KH x KH
F	F	904-3 x 879 G-2 ID 3	904WPG	3	879WKG	G-2 ID 3	904-2 x 879 2-2 ID 2	904WPG	2	879WKG	2-2 ID 2	135	162-2	K	2019-01-11	2019-01-15	6	4	NA	TRUE	NA	NA	NA	NA	FF	kaal	hook	kaal	hook	NA	NA	KH	KH	KH x KH
F	F	904-3 x 879 G-2 ID 3	904WPG	3	879WKG	G-2 ID 3	904-2 x 879 2-2 ID 2	904WPG	2	879WKG	2-2 ID 2	138	162-2	K	2019-01-11	2019-01-15	15	2	NA	TRUE	NA	NA	NA	NA	FF	kaal	hook	kaal	hook	NA	NA	KH	KH	KH x KH
F	F	904-3 x 879 G-2 ID 3	904WPG	3	879WKG	G-2 ID 3	904-2 x 879 2-2 ID 2	904WPG	2	879WKG	2-2 ID 2	349	162-2	K	2019-05-24	2019-05-28	8	3	NA	TRUE	NA	NA	NA	NA	FF	kaal	hook	kaal	hook	NA	NA	KH	KH	KH x KH
F	F	904-5 x 879 10-1 ID 1	904WPG	5	879WKG	10-1 ID 1	904-2 x 879 202 ID 5	904WPG	2	879WKG	202 ID 5	85	177-2	K	2018-11-16	2018-11-20	0	0	Capsule aborted after bagging	FALSE	NA	NA	NA	NA	FF	kaal	hook	kaal	hook	NA	NA	KH	KH	KH x KH
F	F	904-5 x 879 10-1 ID 1	904WPG	5	879WKG	10-1 ID 1	904-2 x 879 202 ID 5	904WPG	2	879WKG	202 ID 5	110	177-2	K	2018-11-23	2018-11-27	0	0	Capsule aborted after bagging	FALSE	NA	NA	NA	NA	FF	kaal	hook	kaal	hook	NA	NA	KH	KH	KH x KH
F	F	904-5 x 879 10-1 ID 1	904WPG	5	879WKG	10-1 ID 1	904-2 x 879 202 ID 5	904WPG	2	879WKG	202 ID 5	151	177-2	K	2019-01-18	2019-01-22	0	0	Capsule aborted after bagging	FALSE	NA	NA	NA	NA	FF	kaal	hook	kaal	hook	NA	NA	KH	KH	KH x KH
F	F	904-5 x 879 10-1 ID 1	904WPG	5	879WKG	10-1 ID 1	904-2 x 879 202 ID 5	904WPG	2	879WKG	202 ID 5	55	177-2	K	2018-11-09	2018-11-13	0	1	NA	FALSE	NA	NA	NA	NA	FF	kaal	hook	kaal	hook	NA	NA	KH	KH	KH x KH
F	F	904-5 x 879 10-1 ID 1	904WPG	5	879WKG	10-1 ID 1	904-2 x 879 202 ID 5	904WPG	2	879WKG	202 ID 5	141	177-2	K	2019-01-11	2019-01-15	0	0	NA	FALSE	NA	NA	NA	NA	FF	kaal	hook	kaal	hook	NA	NA	KH	KH	KH x KH
F	P	879 10-1 C1	NA	NA	NA	NA	879 10-1 x 904-3 ID 2	879WKG	10-1	904WPG	3 ID 2	69	36-1	H	2018-11-09	2018-11-13	0	2	NA	FALSE	879WKG	10-1 C1	NA	NA	PF	NA	NA	hook	kaal	hook	NA	H	HK	H x HK
F	P	879 10-1 C1	NA	NA	NA	NA	879 10-1 x 904-3 ID 2	879WKG	10-1	904WPG	3 ID 2	70	36-1	H	2018-11-09	2018-11-13	0	0	NA	FALSE	879WKG	10-1 C1	NA	NA	PF	NA	NA	hook	kaal	hook	NA	H	HK	H x HK
F	P	879 10-1 C1	NA	NA	NA	NA	879 10-1 x 904-3 ID 2	879WKG	10-1	904WPG	3 ID 2	93	36-1	H	2018-11-16	2018-11-20	0	1	NA	FALSE	879WKG	10-1 C1	NA	NA	PF	NA	NA	hook	kaal	hook	NA	H	HK	H x HK
F	P	879 10-1 C1	NA	NA	NA	NA	879 10-1 x 904-3 ID 2	879WKG	10-1	904WPG	3 ID 2	94	36-1	H	2018-11-16	2018-11-20	0	1	NA	FALSE	879WKG	10-1 C1	NA	NA	PF	NA	NA	hook	kaal	hook	NA	H	HK	H x HK
F	P	879 10-1 C1	NA	NA	NA	NA	879 10-1 x 904-3 ID 2	879WKG	10-1	904WPG	3 ID 2	119	36-1	H	2018-11-23	2018-11-27	0	3	NA	FALSE	879WKG	10-1 C1	NA	NA	PF	NA	NA	hook	kaal	hook	NA	H	HK	H x HK
F	P	879 2-2	NA	NA	NA	NA	879 G-2 x 904-5 ID 2	879WKG	G-2	904WPG	5 ID 2	165	66-1	H	2019-01-25	2019-01-29	0	0	Capsule aborted after bagging	FALSE	879WKG	2-2	NA	NA	PF	NA	NA	hook	kaal	hook	NA	H	HK	H x HK
F	P	879 2-2	NA	NA	NA	NA	879 G-2 x 904-5 ID 2	879WKG	G-2	904WPG	5 ID 2	167	66-1	H	2019-01-25	2019-01-29	0	0	Capsule aborted after bagging	FALSE	879WKG	2-2	NA	NA	PF	NA	NA	hook	kaal	hook	NA	H	HK	H x HK
F	P	879 2-2	NA	NA	NA	NA	879 G-2 x 904-5 ID 2	879WKG	G-2	904WPG	5 ID 2	168	66-1	H	2019-01-25	2019-01-29	0	0	Capsule aborted after bagging	FALSE	879WKG	2-2	NA	NA	PF	NA	NA	hook	kaal	hook	NA	H	HK	H x HK
F	P	879 2-2	NA	NA	NA	NA	879 G-2 x 904-5 ID 2	879WKG	G-2	904WPG	5 ID 2	169	66-1	H	2019-01-25	2019-01-29	0	0	Capsule aborted after bagging	FALSE	879WKG	2-2	NA	NA	PF	NA	NA	hook	kaal	hook	NA	H	HK	H x HK
F	P	879 2-2	NA	NA	NA	NA	879 G-2 x 904-5 ID 2	879WKG	G-2	904WPG	5 ID 2	170	66-1	H	2019-01-25	2019-01-29	0	0	Capsule aborted after bagging	FALSE	879WKG	2-2	NA	NA	PF	NA	NA	hook	kaal	hook	NA	H	HK	H x HK
F	P	879 2-2	NA	NA	NA	NA	879 G-2 x 904-5 ID 2	879WKG	G-2	904WPG	5 ID 2	58	66-1	H	2018-11-09	2018-11-13	2	0	NA	TRUE	879WKG	2-2	NA	NA	PF	NA	NA	hook	kaal	hook	NA	H	HK	H x HK
F	P	879 2-2	NA	NA	NA	NA	879 G-2 x 904-5 ID 1	879WKG	G-2	904WPG	5 ID 1	235	67-1	H	2019-02-22	2019-02-26	0	0	Capsule aborted after bagging	FALSE	879WKG	2-2	NA	NA	PF	NA	NA	hook	kaal	hook	NA	H	HK	H x HK
F	P	879 2-2	NA	NA	NA	NA	879 G-2 x 904-5 ID 1	879WKG	G-2	904WPG	5 ID 1	236	67-1	H	2019-02-22	2019-02-26	0	0	Capsule aborted after bagging	FALSE	879WKG	2-2	NA	NA	PF	NA	NA	hook	kaal	hook	NA	H	HK	H x HK
F	P	879 2-2	NA	NA	NA	NA	879 G-2 x 904-5 ID 1	879WKG	G-2	904WPG	5 ID 1	237	67-1	H	2019-02-22	2019-02-26	0	0	Capsule aborted after bagging	FALSE	879WKG	2-2	NA	NA	PF	NA	NA	hook	kaal	hook	NA	H	HK	H x HK
F	P	879 2-2	NA	NA	NA	NA	879 G-2 x 904-5 ID 1	879WKG	G-2	904WPG	5 ID 1	234	67-1	H	2019-02-22	2019-02-26	0	1	NA	FALSE	879WKG	2-2	NA	NA	PF	NA	NA	hook	kaal	hook	NA	H	HK	H x HK
F	P	879 2-2	NA	NA	NA	NA	879 G-2 x 904-5 ID 1	879WKG	G-2	904WPG	5 ID 1	238	67-1	H	2019-02-22	2019-02-26	0	2	NA	FALSE	879WKG	2-2	NA	NA	PF	NA	NA	hook	kaal	hook	NA	H	HK	H x HK
F	P	879 G-2	NA	NA	NA	NA	879 10-1 x 904-3 ID 1	879WKG	10-1	904WPG	3 ID 1	243	90-1	H	2019-02-22	2019-02-26	0	0	Capsule aborted after bagging	FALSE	879WKG	G-2	NA	NA	PF	NA	NA	hook	kaal	hook	NA	H	HK	H x HK
F	P	879 G-2	NA	NA	NA	NA	879 10-1 x 904-3 ID 1	879WKG	10-1	904WPG	3 ID 1	239	90-1	H	2019-02-22	2019-02-26	4	0	NA	TRUE	879WKG	G-2	NA	NA	PF	NA	NA	hook	kaal	hook	NA	H	HK	H x HK
F	P	879 G-2	NA	NA	NA	NA	879 10-1 x 904-3 ID 1	879WKG	10-1	904WPG	3 ID 1	240	90-1	H	2019-02-22	2019-02-26	1	1	NA	TRUE	879WKG	G-2	NA	NA	PF	NA	NA	hook	kaal	hook	NA	H	HK	H x HK
F	P	879 G-2	NA	NA	NA	NA	879 10-1 x 904-3 ID 1	879WKG	10-1	904WPG	3 ID 1	241	90-1	H	2019-02-22	2019-02-26	2	2	NA	TRUE	879WKG	G-2	NA	NA	PF	NA	NA	hook	kaal	hook	NA	H	HK	H x HK
F	P	879 G-2 C2	NA	NA	NA	NA	879 2-2 x 904-5 ID 9	879WKG	2-2	904WPG	5 ID 9	86	93-1	H	2018-11-16	2018-11-20	0	0	Capsule aborted after bagging	FALSE	879WKG	G-2 C2	NA	NA	PF	NA	NA	hook	kaal	hook	NA	H	HK	H x HK
F	P	879 G-2 C2	NA	NA	NA	NA	879 2-2 x 904-5 ID 9	879WKG	2-2	904WPG	5 ID 9	109	93-1	H	2018-11-23	2018-11-27	0	0	Capsule aborted after bagging	FALSE	879WKG	G-2 C2	NA	NA	PF	NA	NA	hook	kaal	hook	NA	H	HK	H x HK
F	P	879 G-2 C2	NA	NA	NA	NA	879 2-2 x 904-5 ID 9	879WKG	2-2	904WPG	5 ID 9	181	93-1	H	2019-01-25	2019-01-29	0	0	Capsule aborted after bagging	FALSE	879WKG	G-2 C2	NA	NA	PF	NA	NA	hook	kaal	hook	NA	H	HK	H x HK
F	P	879 G-2 C2	NA	NA	NA	NA	879 2-2 x 904-5 ID 9	879WKG	2-2	904WPG	5 ID 9	183	93-1	H	2019-01-25	2019-01-29	0	0	Capsule aborted after bagging	FALSE	879WKG	G-2 C2	NA	NA	PF	NA	NA	hook	kaal	hook	NA	H	HK	H x HK
F	P	879 G-2 C2	NA	NA	NA	NA	879 2-2 x 904-5 ID 9	879WKG	2-2	904WPG	5 ID 9	184	93-1	H	2019-01-25	2019-01-29	0	0	Capsule aborted after bagging	FALSE	879WKG	G-2 C2	NA	NA	PF	NA	NA	hook	kaal	hook	NA	H	HK	H x HK
F	P	879 G-2 C2	NA	NA	NA	NA	879 2-2 x 904-5 ID 9	879WKG	2-2	904WPG	5 ID 9	56	93-1	H	2018-11-09	2018-11-13	1	0	NA	TRUE	879WKG	G-2 C2	NA	NA	PF	NA	NA	hook	kaal	hook	NA	H	HK	H x HK
F	P	879 10-1	NA	NA	NA	NA	904-2 x 879 G-2 ID 3	904WPG	2	879WKG	G-2 ID 3	310	39-1	H	2019-04-26	2019-04-30	0	0	NA	FALSE	879WKG	10-1	NA	NA	PF	NA	NA	kaal	hook	hook	NA	H	KH	H x KH
F	P	879 10-1	NA	NA	NA	NA	904-2 x 879 G-2 ID 3	904WPG	2	879WKG	G-2 ID 3	311	39-1	H	2019-04-26	2019-04-30	0	0	NA	FALSE	879WKG	10-1	NA	NA	PF	NA	NA	kaal	hook	hook	NA	H	KH	H x KH
F	P	879 10-1	NA	NA	NA	NA	904-2 x 879 G-2 ID 3	904WPG	2	879WKG	G-2 ID 3	313	39-1	H	2019-04-26	2019-04-30	0	0	NA	FALSE	879WKG	10-1	NA	NA	PF	NA	NA	kaal	hook	hook	NA	H	KH	H x KH
F	P	879 10-1	NA	NA	NA	NA	904-2 x 879 G-2 ID 3	904WPG	2	879WKG	G-2 ID 3	315	39-1	H	2019-04-26	2019-04-30	0	0	NA	FALSE	879WKG	10-1	NA	NA	PF	NA	NA	kaal	hook	hook	NA	H	KH	H x KH
F	P	879 10-1 small	NA	NA	NA	NA	904-3 x 879 H-2 ID 4	904WPG	3	879WKG	H-2 ID 4	2	45-4	H	2018-10-31	2018-11-06	10	2	NA	TRUE	879WKG	10-1 small	NA	NA	PF	NA	NA	kaal	hook	hook	NA	H	KH	H x KH
F	P	879 10-1 small	NA	NA	NA	NA	904-3 x 879 H-2 ID 4	904WPG	3	879WKG	H-2 ID 4	73	45-4	H	2018-11-16	2018-11-20	14	0	NA	TRUE	879WKG	10-1 small	NA	NA	PF	NA	NA	kaal	hook	hook	NA	H	KH	H x KH
F	P	879 10-1 small	NA	NA	NA	NA	904-3 x 879 H-2 ID 4	904WPG	3	879WKG	H-2 ID 4	101	45-4	H	2018-11-23	2018-11-27	11	0	NA	TRUE	879WKG	10-1 small	NA	NA	PF	NA	NA	kaal	hook	hook	NA	H	KH	H x KH
F	P	879 2-2	NA	NA	NA	NA	3587-A x 879 10-1 ID 1	3587WP	A	879WKG	10-1 ID 1	219	74-1	H	NA	2019-02-05	0	1	Pollinated without emasculation	FALSE	879WKG	2-2	NA	NA	PF	NA	NA	kaal	hook	hook	NA	H	KH	H x KH
F	P	879 2-2	NA	NA	NA	NA	3587-A x 879 10-1 ID 1	3587WP	A	879WKG	10-1 ID 1	220	74-1	H	NA	2019-02-05	0	0	Pollinated without emasculation	FALSE	879WKG	2-2	NA	NA	PF	NA	NA	kaal	hook	hook	NA	H	KH	H x KH
F	P	879 2-2	NA	NA	NA	NA	3587-A x 879 10-1 ID 1	3587WP	A	879WKG	10-1 ID 1	218	74-1	H	NA	2019-02-05	0	0	Pollinated without emasculation; capsule aborted before bagging; not bagged	FALSE	879WKG	2-2	NA	NA	PF	NA	NA	kaal	hook	hook	NA	H	KH	H x KH
F	P	879 2-2	NA	NA	NA	NA	3587-A x 879 10-1 ID 1	3587WP	A	879WKG	10-1 ID 1	221	74-1	H	NA	2019-02-05	0	0	Pollinated without emasculation; capsule aborted before bagging; not bagged	FALSE	879WKG	2-2	NA	NA	PF	NA	NA	kaal	hook	hook	NA	H	KH	H x KH
F	P	892-1	NA	NA	NA	NA	879 10-1 x 904-5 ID 4	879WKG	10-1	904WPG	5 ID 4	188	111-1	K	2019-01-25	2019-01-29	0	0	Capsule aborted after bagging	FALSE	892WKG	1	NA	NA	PF	NA	NA	hook	kaal	kaal	NA	K	HK	K x HK
F	P	892-1	NA	NA	NA	NA	879 10-1 x 904-5 ID 4	879WKG	10-1	904WPG	5 ID 4	97	111-1	K	2018-11-16	2018-11-20	3	0	NA	TRUE	892WKG	1	NA	NA	PF	NA	NA	hook	kaal	kaal	NA	K	HK	K x HK
F	P	892-1	NA	NA	NA	NA	879 10-1 x 904-5 ID 4	879WKG	10-1	904WPG	5 ID 4	185	111-1	K	2019-01-25	2019-01-29	1	5	NA	TRUE	892WKG	1	NA	NA	PF	NA	NA	hook	kaal	kaal	NA	K	HK	K x HK
F	P	892-1	NA	NA	NA	NA	879 10-1 x 904-5 ID 4	879WKG	10-1	904WPG	5 ID 4	189	111-1	K	2019-01-25	2019-01-29	1	2	NA	TRUE	892WKG	1	NA	NA	PF	NA	NA	hook	kaal	kaal	NA	K	HK	K x HK
F	P	892-1	NA	NA	NA	NA	879 10-1 x 904-5 ID 4	879WKG	10-1	904WPG	5 ID 4	190	111-1	K	2019-01-25	2019-01-29	1	2	NA	TRUE	892WKG	1	NA	NA	PF	NA	NA	hook	kaal	kaal	NA	K	HK	K x HK
F	P	904-2	NA	NA	NA	NA	879 G-2 x 904-5 ID 2	879WKG	G-2	904WPG	5 ID 2	16	140-1	K	2018-11-02	2018-11-06	2	0	NA	TRUE	904WPG	2	NA	NA	PF	NA	NA	hook	kaal	kaal	NA	K	HK	K x HK
F	P	904-2	NA	NA	NA	NA	879 G-2 x 904-5 ID 2	879WKG	G-2	904WPG	5 ID 2	62	140-1	K	2018-11-09	2018-11-13	1	0	NA	TRUE	904WPG	2	NA	NA	PF	NA	NA	hook	kaal	kaal	NA	K	HK	K x HK
F	P	904-2	NA	NA	NA	NA	879 G-2 x 904-5 ID 2	879WKG	G-2	904WPG	5 ID 2	115	140-1	K	2018-11-23	2018-11-27	7	0	NA	TRUE	904WPG	2	NA	NA	PF	NA	NA	hook	kaal	kaal	NA	K	HK	K x HK
F	P	904-2	NA	NA	NA	NA	879 G-2 x 904-5 ID 2	879WKG	G-2	904WPG	5 ID 2	191	140-1	K	2019-02-01	2019-02-05	2	1	NA	TRUE	904WPG	2	NA	NA	PF	NA	NA	hook	kaal	kaal	NA	K	HK	K x HK
F	P	904-2	NA	NA	NA	NA	879 G-2 x 904-5 ID 2	879WKG	G-2	904WPG	5 ID 2	192	140-1	K	2019-02-01	2019-02-05	2	2	NA	TRUE	904WPG	2	NA	NA	PF	NA	NA	hook	kaal	kaal	NA	K	HK	K x HK
F	P	904-3	NA	NA	NA	NA	879 G-2 x 904-5 ID 1	879WKG	G-2	904WPG	5 ID 1	91	155-1	K	2018-11-16	2018-11-20	5	0	NA	TRUE	904WPG	3	NA	NA	PF	NA	NA	hook	kaal	kaal	NA	K	HK	K x HK
F	P	904-5-A 4/3/13	NA	NA	NA	NA	879 G-2 x 904-3 ID 5	879WKG	G-2	904WPG	3 ID 5	100	170-1	K	2018-11-16	2018-11-20	17	1	NA	TRUE	904WPG	5-A 4/3/13	NA	NA	PF	NA	NA	hook	kaal	kaal	NA	K	HK	K x HK
F	P	3587-14	NA	NA	NA	NA	3587-7 x 879 G-2 ID 4	3587WP	7	879WKG	G-2 ID 4	15	4-1	K	2018-11-02	2018-11-06	2	0	NA	TRUE	3587WP	14	NA	NA	PF	NA	NA	kaal	hook	kaal	NA	K	KH	K x KH
F	P	3587-14	NA	NA	NA	NA	3587-7 x 879 G-2 ID 4	3587WP	7	879WKG	G-2 ID 4	41	4-1	K	2018-11-09	2018-11-13	7	0	NA	TRUE	3587WP	14	NA	NA	PF	NA	NA	kaal	hook	kaal	NA	K	KH	K x KH
F	P	3587-14	NA	NA	NA	NA	3587-7 x 879 G-2 ID 4	3587WP	7	879WKG	G-2 ID 4	42	4-1	K	2018-11-09	2018-11-13	4	0	NA	TRUE	3587WP	14	NA	NA	PF	NA	NA	kaal	hook	kaal	NA	K	KH	K x KH
F	P	3587-14	NA	NA	NA	NA	3587-7 x 879 G-2 ID 4	3587WP	7	879WKG	G-2 ID 4	72	4-1	K	2018-11-16	2018-11-20	7	0	NA	TRUE	3587WP	14	NA	NA	PF	NA	NA	kaal	hook	kaal	NA	K	KH	K x KH
F	P	3587-14	NA	NA	NA	NA	3587-7 x 879 G-2 ID 4	3587WP	7	879WKG	G-2 ID 4	338	4-1	K	2019-05-17	2019-05-21	7	0	NA	TRUE	3587WP	14	NA	NA	PF	NA	NA	kaal	hook	kaal	NA	K	KH	K x KH
F	P	3587-14	NA	NA	NA	NA	3587-7 x 879 G-2 ID 4	3587WP	7	879WKG	G-2 ID 4	340	4-1	K	2019-05-17	2019-05-21	6	1	NA	TRUE	3587WP	14	NA	NA	PF	NA	NA	kaal	hook	kaal	NA	K	KH	K x KH
F	P	904-2	NA	NA	NA	NA	904-5 x 879 10-1 ID 1	904WPG	5	879WKG	10-1 ID 1	291	142-1	K	2019-04-12	2019-04-16	2	0	Capsule opened before bagging; bagged	TRUE	904WPG	2	NA	NA	PF	NA	NA	kaal	hook	kaal	NA	K	KH	K x KH
F	P	904-2	NA	NA	NA	NA	904-5 x 879 10-1 ID 1	904WPG	5	879WKG	10-1 ID 1	294	142-1	K	2019-04-19	2019-04-23	0	0	NA	FALSE	904WPG	2	NA	NA	PF	NA	NA	kaal	hook	kaal	NA	K	KH	K x KH
F	P	904-2	NA	NA	NA	NA	904-5 x 879 10-1 ID 1	904WPG	5	879WKG	10-1 ID 1	295	142-1	K	2019-04-19	2019-04-23	4	2	NA	TRUE	904WPG	2	NA	NA	PF	NA	NA	kaal	hook	kaal	NA	K	KH	K x KH
F	P	904-3	NA	NA	NA	NA	904-2 x 879 G-2 ID 3	904WPG	2	879WKG	G-2 ID 3	288	156-1	K	2019-04-12	2019-04-16	3	0	Seeds collect early b/c branch fell off	TRUE	904WPG	3	NA	NA	PF	NA	NA	kaal	hook	kaal	NA	K	KH	K x KH
F	P	904-3	NA	NA	NA	NA	904-2 x 879 G-2 ID 3	904WPG	2	879WKG	G-2 ID 3	61	156-1	K	2018-11-09	2018-11-13	1	0	NA	TRUE	904WPG	3	NA	NA	PF	NA	NA	kaal	hook	kaal	NA	K	KH	K x KH
F	P	904-3	NA	NA	NA	NA	904-2 x 879 G-2 ID 3	904WPG	2	879WKG	G-2 ID 3	113	156-1	K	2018-11-23	2018-11-27	1	0	NA	TRUE	904WPG	3	NA	NA	PF	NA	NA	kaal	hook	kaal	NA	K	KH	K x KH
F	P	904-3	NA	NA	NA	NA	904-2 x 879 G-2 ID 3	904WPG	2	879WKG	G-2 ID 3	118	156-1	K	2018-11-23	2018-11-27	3	0	NA	TRUE	904WPG	3	NA	NA	PF	NA	NA	kaal	hook	kaal	NA	K	KH	K x KH
F	P	904-3	NA	NA	NA	NA	904-2 x 879 G-2 ID 3	904WPG	2	879WKG	G-2 ID 3	284	156-1	K	2019-04-12	2019-04-16	5	1	NA	TRUE	904WPG	3	NA	NA	PF	NA	NA	kaal	hook	kaal	NA	K	KH	K x KH
F	P	904-3	NA	NA	NA	NA	904-2 x 879 G-2 ID 3	904WPG	2	879WKG	G-2 ID 3	285	156-1	K	2019-04-12	2019-04-16	3	0	NA	TRUE	904WPG	3	NA	NA	PF	NA	NA	kaal	hook	kaal	NA	K	KH	K x KH
F	P	904-3	NA	NA	NA	NA	904-2 x 879 G-2 ID 3	904WPG	2	879WKG	G-2 ID 3	286	156-1	K	2019-04-12	2019-04-16	4	0	NA	TRUE	904WPG	3	NA	NA	PF	NA	NA	kaal	hook	kaal	NA	K	KH	K x KH
F	P	904-3	NA	NA	NA	NA	904-2 x 879 G-2 ID 3	904WPG	2	879WKG	G-2 ID 3	287	156-1	K	2019-04-12	2019-04-16	7	1	NA	TRUE	904WPG	3	NA	NA	PF	NA	NA	kaal	hook	kaal	NA	K	KH	K x KH
F	P	904-3	NA	NA	NA	NA	904-2 x 879 G-2 ID 3	904WPG	2	879WKG	G-2 ID 3	289	156-1	K	2019-04-12	2019-04-16	4	0	NA	TRUE	904WPG	3	NA	NA	PF	NA	NA	kaal	hook	kaal	NA	K	KH	K x KH
P	F	879 10-1 x 892-3 ID 9	879WKG	10-1	892WKG	3 ID 9	879 2-2	NA	NA	NA	NA	108	53-1	H	2018-11-23	2018-11-27	0	0	Capsule aborted after bagging	FALSE	NA	NA	879WKG	2-2	FP	hook	kaal	NA	NA	NA	hook	HK	H	HK x H
P	F	879 10-1 x 892-3 ID 9	879WKG	10-1	892WKG	3 ID 9	879 2-2	NA	NA	NA	NA	335	53-1	H	2019-05-10	2019-05-14	0	0	Stigma not elongated enough, attempted pollination	FALSE	NA	NA	879WKG	2-2	FP	hook	kaal	NA	NA	NA	hook	HK	H	HK x H
P	F	879 10-1 x 892-3 ID 9	879WKG	10-1	892WKG	3 ID 9	879 2-2	NA	NA	NA	NA	47	53-1	H	2018-11-09	2018-11-13	1	0	NA	TRUE	NA	NA	879WKG	2-2	FP	hook	kaal	NA	NA	NA	hook	HK	H	HK x H
P	F	879 10-1 x 892-3 ID 9	879WKG	10-1	892WKG	3 ID 9	879 2-2	NA	NA	NA	NA	334	53-1	H	2019-05-10	2019-05-14	0	0	NA	FALSE	NA	NA	879WKG	2-2	FP	hook	kaal	NA	NA	NA	hook	HK	H	HK x H
P	F	879 10-1 x 892-3 ID 9	879WKG	10-1	892WKG	3 ID 9	879 2-2	NA	NA	NA	NA	336	53-1	H	2019-05-10	2019-05-14	0	0	NA	FALSE	NA	NA	879WKG	2-2	FP	hook	kaal	NA	NA	NA	hook	HK	H	HK x H
P	F	879 10-1 x 892-3 ID 9	879WKG	10-1	892WKG	3 ID 9	879 2-2	NA	NA	NA	NA	156	53-3	H	2019-01-18	2019-01-22	0	0	Capsule aborted after bagging	FALSE	NA	NA	879WKG	2-2	FP	hook	kaal	NA	NA	NA	hook	HK	H	HK x H
P	F	879 10-1 x 892-3 ID 9	879WKG	10-1	892WKG	3 ID 9	879 2-2	NA	NA	NA	NA	158	53-3	H	2019-01-18	2019-01-22	0	0	Capsule aborted after bagging	FALSE	NA	NA	879WKG	2-2	FP	hook	kaal	NA	NA	NA	hook	HK	H	HK x H
P	F	879 10-1 x 892-3 ID 9	879WKG	10-1	892WKG	3 ID 9	879 2-2	NA	NA	NA	NA	155	53-3	H	2019-01-18	2019-01-22	0	1	NA	FALSE	NA	NA	879WKG	2-2	FP	hook	kaal	NA	NA	NA	hook	HK	H	HK x H
P	F	879 10-1 x 892-3 ID 9	879WKG	10-1	892WKG	3 ID 9	879 2-2	NA	NA	NA	NA	157	53-3	H	2019-01-18	2019-01-22	0	1	NA	FALSE	NA	NA	879WKG	2-2	FP	hook	kaal	NA	NA	NA	hook	HK	H	HK x H
P	F	879 10-1 x 892-3 ID 9	879WKG	10-1	892WKG	3 ID 9	879 2-2	NA	NA	NA	NA	159	53-3	H	2019-01-18	2019-01-22	0	1	NA	FALSE	NA	NA	879WKG	2-2	FP	hook	kaal	NA	NA	NA	hook	HK	H	HK x H
P	F	879 2-2 x 904-3 ID 11	879WKG	2-2	904WPG	3 ID 11	879 G-2	NA	NA	NA	NA	317	86-1	H	2019-05-03	2019-05-07	0	0	Flower almost closed; pollination attempted	FALSE	NA	NA	879WKG	G-2	FP	hook	kaal	NA	NA	NA	hook	HK	H	HK x H
P	F	879 2-2 x 904-3 ID 11	879WKG	2-2	904WPG	3 ID 11	879 G-2	NA	NA	NA	NA	316	86-1	H	2019-05-03	2019-05-07	4	2	NA	TRUE	NA	NA	879WKG	G-2	FP	hook	kaal	NA	NA	NA	hook	HK	H	HK x H
P	F	879 2-2 x 904-3 ID 11	879WKG	2-2	904WPG	3 ID 11	879 G-2	NA	NA	NA	NA	320	86-1	H	2019-05-03	2019-05-07	0	17	NA	FALSE	NA	NA	879WKG	G-2	FP	hook	kaal	NA	NA	NA	hook	HK	H	HK x H
P	F	879 2-2 x 904-3 ID 11	879WKG	2-2	904WPG	3 ID 11	879 G-2	NA	NA	NA	NA	321	86-1	H	2019-05-03	2019-05-07	1	0	NA	TRUE	NA	NA	879WKG	G-2	FP	hook	kaal	NA	NA	NA	hook	HK	H	HK x H
P	F	879 G-2 x 904-3 ID 5	879WKG	G-2	904WPG	3 ID 5	879 2-2	NA	NA	NA	NA	330	94-1	H	2019-05-10	2019-05-14	0	0	Flower closed partially, attempted pollination, capsule aborted before bagging; bagged	FALSE	NA	NA	879WKG	2-2	FP	hook	kaal	NA	NA	NA	hook	HK	H	HK x H
P	F	879 G-2 x 904-3 ID 5	879WKG	G-2	904WPG	3 ID 5	879 2-2	NA	NA	NA	NA	322	94-1	H	2019-05-03	2019-05-07	1	0	NA	TRUE	NA	NA	879WKG	2-2	FP	hook	kaal	NA	NA	NA	hook	HK	H	HK x H
P	F	879 G-2 x 904-3 ID 5	879WKG	G-2	904WPG	3 ID 5	879 2-2	NA	NA	NA	NA	327	94-1	H	2019-05-03	2019-05-07	3	1	NA	TRUE	NA	NA	879WKG	2-2	FP	hook	kaal	NA	NA	NA	hook	HK	H	HK x H
P	F	879 G-2 x 904-3 ID 5	879WKG	G-2	904WPG	3 ID 5	879 2-2	NA	NA	NA	NA	328	94-1	H	2019-05-10	2019-05-14	0	0	NA	FALSE	NA	NA	879WKG	2-2	FP	hook	kaal	NA	NA	NA	hook	HK	H	HK x H
P	F	879 G-2 x 904-3 ID 5	879WKG	G-2	904WPG	3 ID 5	879 2-2	NA	NA	NA	NA	329	94-1	H	2019-05-10	2019-05-14	3	0	NA	TRUE	NA	NA	879WKG	2-2	FP	hook	kaal	NA	NA	NA	hook	HK	H	HK x H
P	F	879 G-2 x 904-3 ID 5	879WKG	G-2	904WPG	3 ID 5	879 2-2	NA	NA	NA	NA	331	94-1	H	2019-05-10	2019-05-14	2	1	NA	TRUE	NA	NA	879WKG	2-2	FP	hook	kaal	NA	NA	NA	hook	HK	H	HK x H
P	F	879 G-2 x 904-3 ID 5	879WKG	G-2	904WPG	3 ID 5	879 2-2	NA	NA	NA	NA	332	94-1	H	2019-05-10	2019-05-14	1	1	NA	TRUE	NA	NA	879WKG	2-2	FP	hook	kaal	NA	NA	NA	hook	HK	H	HK x H
P	F	879 G-2 x 904-5 ID 1	879WKG	G-2	904WPG	5 ID 1	866-2 11	NA	NA	NA	NA	48	101-1	H	2018-11-09	2018-11-13	0	0	Capsule aborted after bagging	FALSE	NA	NA	WK	2 11	FP	hook	kaal	NA	NA	NA	hook	HK	H	HK x H
P	F	879 G-2 x 904-5 ID 1	879WKG	G-2	904WPG	5 ID 1	866-2 11	NA	NA	NA	NA	8	101-1	H	2018-11-02	2018-11-06	21	0	NA	TRUE	NA	NA	WK	2 11	FP	hook	kaal	NA	NA	NA	hook	HK	H	HK x H
P	F	879 G-2 x 904-5 ID 1	879WKG	G-2	904WPG	5 ID 1	866-2 11	NA	NA	NA	NA	9	101-1	H	2018-11-02	2018-11-06	6	0	NA	TRUE	NA	NA	WK	2 11	FP	hook	kaal	NA	NA	NA	hook	HK	H	HK x H
P	F	879 G-2 x 904-5 ID 1	879WKG	G-2	904WPG	5 ID 1	866-2 11	NA	NA	NA	NA	10	101-1	H	2018-11-02	2018-11-06	10	1	NA	TRUE	NA	NA	WK	2 11	FP	hook	kaal	NA	NA	NA	hook	HK	H	HK x H
P	F	879 G-2 x 904-5 ID 1	879WKG	G-2	904WPG	5 ID 1	866-2 11	NA	NA	NA	NA	11	101-1	H	2018-11-02	2018-11-06	17	2	NA	TRUE	NA	NA	WK	2 11	FP	hook	kaal	NA	NA	NA	hook	HK	H	HK x H
P	F	879 G-2 x 904-5 ID 1	879WKG	G-2	904WPG	5 ID 1	866-2 11	NA	NA	NA	NA	82	101-1	H	2018-11-16	2018-11-20	13	1	NA	TRUE	NA	NA	WK	2 11	FP	hook	kaal	NA	NA	NA	hook	HK	H	HK x H
P	F	879 G-2 x 904-5 ID 1	879WKG	G-2	904WPG	5 ID 1	866-2 11	NA	NA	NA	NA	107	101-1	H	2018-11-23	2018-11-27	19	0	NA	TRUE	NA	NA	WK	2 11	FP	hook	kaal	NA	NA	NA	hook	HK	H	HK x H
P	F	879 10-1 x 892-1 ID 1	879WKG	10-1	892WKG	1 ID 1	892-4	NA	NA	NA	NA	7	50-1	K	2018-11-02	2018-11-06	6	1	NA	TRUE	NA	NA	892WKG	4	FP	hook	kaal	NA	NA	NA	kaal	HK	K	HK x K
P	F	879 10-1 x 892-1 ID 1	879WKG	10-1	892WKG	1 ID 1	892-4	NA	NA	NA	NA	87	50-1	K	2018-11-16	2018-11-20	5	0	NA	TRUE	NA	NA	892WKG	4	FP	hook	kaal	NA	NA	NA	kaal	HK	K	HK x K
P	F	879 10-1 x 892-1 ID 1	879WKG	10-1	892WKG	1 ID 1	892-4	NA	NA	NA	NA	111	50-1	K	2018-11-23	2018-11-27	3	11	NA	TRUE	NA	NA	892WKG	4	FP	hook	kaal	NA	NA	NA	kaal	HK	K	HK x K
P	F	879 10-1 x 904-5 ID 4	879WKG	10-1	904WPG	5 ID 4	904-3	NA	NA	NA	NA	225	62-1	K	2019-02-22	2019-02-26	0	1	Branch dying at bagging; bagged	FALSE	NA	NA	904WPG	3	FP	hook	kaal	NA	NA	NA	kaal	HK	K	HK x K
P	F	879 10-1 x 904-5 ID 4	879WKG	10-1	904WPG	5 ID 4	904-3	NA	NA	NA	NA	226	62-1	K	2019-02-22	2019-02-26	2	2	Branch dying at bagging; bagged	TRUE	NA	NA	904WPG	3	FP	hook	kaal	NA	NA	NA	kaal	HK	K	HK x K
P	F	879 10-1 x 904-5 ID 4	879WKG	10-1	904WPG	5 ID 4	904-3	NA	NA	NA	NA	223	62-1	K	2019-02-22	2019-02-26	0	0	Branch dying at bagging; bagged; capsule aborted	FALSE	NA	NA	904WPG	3	FP	hook	kaal	NA	NA	NA	kaal	HK	K	HK x K
P	F	879 10-1 x 904-5 ID 4	879WKG	10-1	904WPG	5 ID 4	904-3	NA	NA	NA	NA	222	62-1	K	2019-02-22	2019-02-26	2	2	NA	TRUE	NA	NA	904WPG	3	FP	hook	kaal	NA	NA	NA	kaal	HK	K	HK x K
P	F	892-1 x 879 2-2 ID 1	892WKG	1	879WKG	2-2 ID 1	892-10 4/3/13	NA	NA	NA	NA	229	113-2	K	2019-02-22	2019-02-26	0	0	Capsule aborted	FALSE	NA	NA	892WKG	10 4/3/13	FP	kaal	hook	NA	NA	NA	kaal	KH	K	KH x K
P	F	892-1 x 879 2-2 ID 1	892WKG	1	879WKG	2-2 ID 1	892-10 4/3/13	NA	NA	NA	NA	228	113-2	K	2019-02-22	2019-02-26	0	0	Capsule aborted before bagging; Bagged	FALSE	NA	NA	892WKG	10 4/3/13	FP	kaal	hook	NA	NA	NA	kaal	KH	K	KH x K
P	F	892-1 x 879 2-2 ID 1	892WKG	1	879WKG	2-2 ID 1	892-10 4/3/13	NA	NA	NA	NA	230	113-2	K	2019-02-22	2019-02-26	5	0	NA	TRUE	NA	NA	892WKG	10 4/3/13	FP	kaal	hook	NA	NA	NA	kaal	KH	K	KH x K
P	F	892-1 x 879 2-2 ID 1	892WKG	1	879WKG	2-2 ID 1	892-10 4/3/13	NA	NA	NA	NA	231	113-2	K	2019-02-22	2019-02-26	2	0	NA	TRUE	NA	NA	892WKG	10 4/3/13	FP	kaal	hook	NA	NA	NA	kaal	KH	K	KH x K
P	F	3587-A x 879 10-1 ID 1	3587WP	A	879WKG	10-1 ID 1	879 2-2	NA	NA	NA	NA	270	27-1	H	2019-03-08	2019-03-12	0	3	NA	FALSE	NA	NA	879WKG	2-2	FP	kaal	hook	NA	NA	NA	hook	KH	H	KH x H
P	F	3587-A x 879 10-1 ID 1	3587WP	A	879WKG	10-1 ID 1	879 2-2	NA	NA	NA	NA	271	27-1	H	2019-03-08	2019-03-12	2	4	NA	TRUE	NA	NA	879WKG	2-2	FP	kaal	hook	NA	NA	NA	hook	KH	H	KH x H
P	F	3587-A x 879 10-1 ID 1	3587WP	A	879WKG	10-1 ID 1	879 2-2	NA	NA	NA	NA	272	27-1	H	2019-03-08	2019-03-12	6	3	NA	TRUE	NA	NA	879WKG	2-2	FP	kaal	hook	NA	NA	NA	hook	KH	H	KH x H
P	F	3587-A x 879 10-1 ID 1	3587WP	A	879WKG	10-1 ID 1	879 2-2	NA	NA	NA	NA	273	27-1	H	2019-03-08	2019-03-12	2	8	NA	TRUE	NA	NA	879WKG	2-2	FP	kaal	hook	NA	NA	NA	hook	KH	H	KH x H
P	F	3587-A x 879 10-1 ID 1	3587WP	A	879WKG	10-1 ID 1	879 2-2	NA	NA	NA	NA	274	27-1	H	2019-03-08	2019-03-12	2	4	NA	TRUE	NA	NA	879WKG	2-2	FP	kaal	hook	NA	NA	NA	hook	KH	H	KH x H
P	F	892-1 x 879 2-2 ID 1	892WKG	1	879WKG	2-2 ID 1	879 G-2	NA	NA	NA	NA	49	112-1	H	2018-11-09	2018-11-13	8	0	NA	TRUE	NA	NA	879WKG	G-2	FP	kaal	hook	NA	NA	NA	hook	KH	H	KH x H
P	F	892-1 x 879 2-2 ID 1	892WKG	1	879WKG	2-2 ID 1	879 G-2	NA	NA	NA	NA	160	112-1	H	2019-01-18	2019-01-22	0	2	NA	FALSE	NA	NA	879WKG	G-2	FP	kaal	hook	NA	NA	NA	hook	KH	H	KH x H
P	F	892-1 x 879 2-2 ID 1	892WKG	1	879WKG	2-2 ID 1	879 G-2	NA	NA	NA	NA	161	112-1	H	2019-01-18	2019-01-22	0	0	NA	FALSE	NA	NA	879WKG	G-2	FP	kaal	hook	NA	NA	NA	hook	KH	H	KH x H
P	F	892-1 x 879 2-2 ID 1	892WKG	1	879WKG	2-2 ID 1	879 G-2	NA	NA	NA	NA	162	112-1	H	2019-01-18	2019-01-22	0	3	NA	FALSE	NA	NA	879WKG	G-2	FP	kaal	hook	NA	NA	NA	hook	KH	H	KH x H
P	F	892-1 x 879 2-2 ID 1	892WKG	1	879WKG	2-2 ID 1	879 G-2	NA	NA	NA	NA	163	112-1	H	2019-01-18	2019-01-22	2	3	NA	TRUE	NA	NA	879WKG	G-2	FP	kaal	hook	NA	NA	NA	hook	KH	H	KH x H
P	F	892-1 x 879 2-2 ID 1	892WKG	1	879WKG	2-2 ID 1	879 G-2	NA	NA	NA	NA	164	112-1	H	2019-01-18	2019-01-22	0	0	NA	FALSE	NA	NA	879WKG	G-2	FP	kaal	hook	NA	NA	NA	hook	KH	H	KH x H
P	F	892-3 x 879 10-1 ID 1	892WKG	3	879WKG	10-1 ID 1	879 2-2  3/25/14 C1	NA	NA	NA	NA	269	123-1	H	2019-03-08	2019-03-12	0	1	Capsule opened before bagging; bagged	FALSE	NA	NA	879WKG	2-2  3/25/14 C1	FP	kaal	hook	NA	NA	NA	hook	KH	H	KH x H
P	F	892-3 x 879 10-1 ID 1	892WKG	3	879WKG	10-1 ID 1	879 2-2  3/25/14 C1	NA	NA	NA	NA	18	123-1	H	2018-11-02	2018-11-06	10	0	NA	TRUE	NA	NA	879WKG	2-2  3/25/14 C1	FP	kaal	hook	NA	NA	NA	hook	KH	H	KH x H
P	F	892-3 x 879 10-1 ID 1	892WKG	3	879WKG	10-1 ID 1	879 2-2  3/25/14 C1	NA	NA	NA	NA	51	123-1	H	2018-11-09	2018-11-13	11	0	NA	TRUE	NA	NA	879WKG	2-2  3/25/14 C1	FP	kaal	hook	NA	NA	NA	hook	KH	H	KH x H
P	F	892-3 x 879 10-1 ID 1	892WKG	3	879WKG	10-1 ID 1	879 2-2  3/25/14 C1	NA	NA	NA	NA	83	123-1	H	2018-11-16	2018-11-20	9	5	NA	TRUE	NA	NA	879WKG	2-2  3/25/14 C1	FP	kaal	hook	NA	NA	NA	hook	KH	H	KH x H
P	F	892-3 x 879 10-1 ID 1	892WKG	3	879WKG	10-1 ID 1	879 2-2  3/25/14 C1	NA	NA	NA	NA	106	123-1	H	2018-11-23	2018-11-27	13	0	NA	TRUE	NA	NA	879WKG	2-2  3/25/14 C1	FP	kaal	hook	NA	NA	NA	hook	KH	H	KH x H
P	F	892-3 x 879 10-1 ID 1	892WKG	3	879WKG	10-1 ID 1	879 2-2  3/25/14 C1	NA	NA	NA	NA	268	123-1	H	2019-03-08	2019-03-12	1	4	NA	TRUE	NA	NA	879WKG	2-2  3/25/14 C1	FP	kaal	hook	NA	NA	NA	hook	KH	H	KH x H
P	F	904-3 x 879 H-2 ID 4	904WPG	3	879WKG	H-2 ID 4	879 10-1	NA	NA	NA	NA	19	164-1	H	2018-11-02	2018-11-06	4	0	NA	TRUE	NA	NA	879WKG	10-1	FP	kaal	hook	NA	NA	NA	hook	KH	H	KH x H
P	F	904-3 x 879 H-2 ID 4	904WPG	3	879WKG	H-2 ID 4	879 10-1	NA	NA	NA	NA	20	164-1	H	2018-11-02	2018-11-06	5	3	NA	TRUE	NA	NA	879WKG	10-1	FP	kaal	hook	NA	NA	NA	hook	KH	H	KH x H
P	F	904-3 x 879 H-2 ID 4	904WPG	3	879WKG	H-2 ID 4	879 10-1	NA	NA	NA	NA	52	164-1	H	2018-11-09	2018-11-13	8	2	NA	TRUE	NA	NA	879WKG	10-1	FP	kaal	hook	NA	NA	NA	hook	KH	H	KH x H
P	F	904-3 x 879 H-2 ID 4	904WPG	3	879WKG	H-2 ID 4	879 10-1	NA	NA	NA	NA	105	164-1	H	2018-11-23	2018-11-27	6	0	NA	TRUE	NA	NA	879WKG	10-1	FP	kaal	hook	NA	NA	NA	hook	KH	H	KH x H
P	F	904-3 x 879 H-2 ID 4	904WPG	3	879WKG	H-2 ID 4	879 10-1	NA	NA	NA	NA	275	164-1	H	2019-03-08	2019-03-12	1	1	NA	TRUE	NA	NA	879WKG	10-1	FP	kaal	hook	NA	NA	NA	hook	KH	H	KH x H
P	F	904-3 x 879 H-2 ID 4	904WPG	3	879WKG	H-2 ID 4	879 10-1	NA	NA	NA	NA	276	164-1	H	2019-03-08	2019-03-12	2	3	NA	TRUE	NA	NA	879WKG	10-1	FP	kaal	hook	NA	NA	NA	hook	KH	H	KH x H
P	F	904-3 x 879 H-2 ID 4	904WPG	3	879WKG	H-2 ID 4	879 10-1	NA	NA	NA	NA	278	164-1	H	2019-03-08	2019-03-12	3	3	NA	TRUE	NA	NA	879WKG	10-1	FP	kaal	hook	NA	NA	NA	hook	KH	H	KH x H
P	F	904-3 x 879 H-2 ID 4	904WPG	3	879WKG	H-2 ID 4	879 10-1	NA	NA	NA	NA	279	164-1	H	2019-03-08	2019-03-12	1	3	NA	TRUE	NA	NA	879WKG	10-1	FP	kaal	hook	NA	NA	NA	hook	KH	H	KH x H
P	F	3587-7 x 879 10-1 ID 1	3587WP	7	879WKG	10-1 ID 1	3587-A	NA	NA	NA	NA	40	15-1	K	2018-11-03	2018-11-07	0	0	Capsule aborted after bagging	FALSE	NA	NA	3587WP	A	FP	kaal	hook	NA	NA	NA	kaal	KH	K	KH x K
P	F	3587-7 x 879 10-1 ID 1	3587WP	7	879WKG	10-1 ID 1	3587-A	NA	NA	NA	NA	60	15-1	K	2018-11-09	2018-11-13	0	0	Capsule aborted after bagging	FALSE	NA	NA	3587WP	A	FP	kaal	hook	NA	NA	NA	kaal	KH	K	KH x K
P	F	3587-7 x 879 10-1 ID 1	3587WP	7	879WKG	10-1 ID 1	3587-A	NA	NA	NA	NA	116	15-1	K	2018-11-23	2018-11-27	0	0	Capsule aborted after bagging	FALSE	NA	NA	3587WP	A	FP	kaal	hook	NA	NA	NA	kaal	KH	K	KH x K
P	F	3587-7 x 879 10-1 ID 1	3587WP	7	879WKG	10-1 ID 1	3587-A	NA	NA	NA	NA	59	15-1	K	2018-11-09	2018-11-13	0	0	Capsule aborted after bagging	FALSE	NA	NA	3587WP	A	FP	kaal	hook	NA	NA	NA	kaal	KH	K	KH x K
P	F	904-2 x 879 2-2 ID 4	904WPG	2	879WKG	2-2 ID 4	904-5 9/14/15	NA	NA	NA	NA	193	149-1	K	2019-02-01	2019-02-05	0	0	Capsule aborted after bagging	FALSE	NA	NA	904WPG	5 9/14/15	FP	kaal	hook	NA	NA	NA	kaal	KH	K	KH x K
P	F	904-2 x 879 2-2 ID 4	904WPG	2	879WKG	2-2 ID 4	904-5 9/14/15	NA	NA	NA	NA	198	149-1	K	2019-02-08	2019-02-12	0	0	Capsule aborted after bagging	FALSE	NA	NA	904WPG	5 9/14/15	FP	kaal	hook	NA	NA	NA	kaal	KH	K	KH x K
P	F	904-2 x 879 2-2 ID 4	904WPG	2	879WKG	2-2 ID 4	904-5 9/14/15	NA	NA	NA	NA	244	149-1	K	2019-03-01	2019-03-05	1	0	NA	TRUE	NA	NA	904WPG	5 9/14/15	FP	kaal	hook	NA	NA	NA	kaal	KH	K	KH x K
P	F	904-5 x 879 10-1 ID 1	904WPG	5	879WKG	10-1 ID 1	904-2	NA	NA	NA	NA	12	176-1	K	2018-11-02	2018-11-06	0	0	Capsule aborted after bagging	FALSE	NA	NA	904WPG	2	FP	kaal	hook	NA	NA	NA	kaal	KH	K	KH x K
P	F	904-5 x 879 10-1 ID 1	904WPG	5	879WKG	10-1 ID 1	904-2	NA	NA	NA	NA	14	176-1	K	2018-11-02	2018-11-06	0	0	Capsule aborted after bagging	FALSE	NA	NA	904WPG	2	FP	kaal	hook	NA	NA	NA	kaal	KH	K	KH x K
P	F	904-5 x 879 10-1 ID 1	904WPG	5	879WKG	10-1 ID 1	904-2	NA	NA	NA	NA	50	176-1	K	2018-11-09	2018-11-13	0	0	Capsule aborted after bagging	FALSE	NA	NA	904WPG	2	FP	kaal	hook	NA	NA	NA	kaal	KH	K	KH x K
P	F	904-5 x 879 10-1 ID 1	904WPG	5	879WKG	10-1 ID 1	904-2	NA	NA	NA	NA	81	176-1	K	2018-11-16	2018-11-20	0	0	Capsule aborted after bagging	FALSE	NA	NA	904WPG	2	FP	kaal	hook	NA	NA	NA	kaal	KH	K	KH x K
P	F	904-5 x 879 G-2 ID 3	904WPG	5	879WKG	G-2 ID 3	904-2	NA	NA	NA	NA	251	179-1	K	NA	2019-03-05	5	0	Pollinated without emascuation	TRUE	NA	NA	904WPG	2	FP	kaal	hook	NA	NA	NA	kaal	KH	K	KH x K
P	F	904-5 x 879 G-2 ID 3	904WPG	5	879WKG	G-2 ID 3	904-2	NA	NA	NA	NA	252	179-1	K	NA	2019-03-05	3	0	Pollinated without emascuation	TRUE	NA	NA	904WPG	2	FP	kaal	hook	NA	NA	NA	kaal	KH	K	KH x K
P	F	904-5 x 879 G-2 ID 3	904WPG	5	879WKG	G-2 ID 3	904-2	NA	NA	NA	NA	254	179-1	K	NA	2019-03-05	0	2	Pollinated without emascuation	FALSE	NA	NA	904WPG	2	FP	kaal	hook	NA	NA	NA	kaal	KH	K	KH x K
P	F	904-5 x 879 G-2 ID 3	904WPG	5	879WKG	G-2 ID 3	904-2	NA	NA	NA	NA	255	179-1	K	NA	2019-03-05	4	1	Pollinated without emascuation	TRUE	NA	NA	904WPG	2	FP	kaal	hook	NA	NA	NA	kaal	KH	K	KH x K
P	F	904-5 x 879 G-2 ID 3	904WPG	5	879WKG	G-2 ID 3	904-2	NA	NA	NA	NA	253	179-1	K	NA	2019-03-05	0	0	Pollinated without emascuation; capsule not opened when collecting seeds; no seeds inside.	FALSE	NA	NA	904WPG	2	FP	kaal	hook	NA	NA	NA	kaal	KH	K	KH x K
P	F	904-5 x 879 G-2 ID 3	904WPG	5	879WKG	G-2 ID 3	904-2	NA	NA	NA	NA	68	179-1	K	2018-11-09	2018-11-13	0	1	NA	FALSE	NA	NA	904WPG	2	FP	kaal	hook	NA	NA	NA	kaal	KH	K	KH x K
P	F	904-5 x 879 G-2 ID 3	904WPG	5	879WKG	G-2 ID 3	904-2	NA	NA	NA	NA	120	179-1	K	2018-11-23	2018-11-27	5	0	NA	TRUE	NA	NA	904WPG	2	FP	kaal	hook	NA	NA	NA	kaal	KH	K	KH x K
