"cross"	"id"	"viable"	"crosstype"	"date"	"momisle"	"dadisle"	"momclade"	"dadclade"
66	31	122	4	1	"O"	"O"	2	4
66	31	165	4	1	"O"	"O"	2	4
66	31	151	4	1	"O"	"O"	2	4
66	31	166	4	1	"O"	"O"	2	4
66	31	173	4	1	"O"	"O"	2	4
155	19	189	4	-9	"O"	"O"	4	2
155	19	191	4	-9	"O"	"O"	4	2
155	19	183	4	-9	"O"	"O"	4	2
155	19	184	4	-9	"O"	"O"	4	2
155	19	179	4	-9	"O"	"O"	4	2
155	20	196	4	-9	"O"	"O"	4	2
155	20	199	4	-9	"O"	"O"	4	2
155	20	199	4	-9	"O"	"O"	4	2
99	9	181	4	-9	"O"	"O"	4	4
99	9	172	4	-9	"O"	"O"	4	4
99	9	176	4	-9	"O"	"O"	4	4
99	9	157	4	-9	"O"	"O"	4	4
99	9	184	4	-9	"O"	"O"	4	4
99	23	193	4	-9	"O"	"O"	4	4
99	23	195	4	-9	"O"	"O"	4	4
99	23	194	4	-9	"O"	"O"	4	4
99	23	194	4	-9	"O"	"O"	4	4
99	23	182	4	-9	"O"	"O"	4	4
116	29	191	4	-9	"O"	"O"	4	2
116	29	195	4	-9	"O"	"O"	4	2
116	29	199	4	-9	"O"	"O"	4	2
116	29	194	4	-9	"O"	"O"	4	2
116	29	195	4	-9	"O"	"O"	4	2
108	14	195	4	-9	"O"	"M"	4	2
108	14	199	4	-9	"O"	"M"	4	2
108	14	200	4	-9	"O"	"M"	4	2
108	14	196	4	-9	"O"	"M"	4	2
108	14	188	4	-9	"O"	"M"	4	2
124	18	189	4	-9	"O"	"O"	4	2
124	18	199	4	-9	"O"	"O"	4	2
124	18	186	4	-9	"O"	"O"	4	2
124	18	196	4	-9	"O"	"O"	4	2
124	18	197	4	-9	"O"	"O"	4	2
90	17	191	4	-9	"O"	"O"	4	4
90	17	195	4	-9	"O"	"O"	4	4
90	17	198	4	-9	"O"	"O"	4	4
90	17	190	4	-9	"O"	"O"	4	4
90	17	192	4	-9	"O"	"O"	4	4
30	17	182	4	-9	"O"	"O"	2	4
30	17	185	4	-9	"O"	"O"	2	4
30	17	172	4	-9	"O"	"O"	2	4
30	17	188	4	-9	"O"	"O"	2	4
30	17	189	4	-9	"O"	"O"	2	4
15	9	199	4	-9	"O"	"M"	2	2
15	9	200	4	-9	"O"	"M"	2	2
15	9	197	4	-9	"O"	"M"	2	2
15	9	198	4	-9	"O"	"M"	2	2
15	9	200	4	-9	"O"	"M"	2	2
148	12	197	4	-9	"O"	"O"	4	4
148	12	197	4	-9	"O"	"O"	4	4
148	12	192	4	-9	"O"	"O"	4	4
148	12	184	4	-9	"O"	"O"	4	4
148	12	196	4	-9	"O"	"O"	4	4
155	12	186	4	-9	"O"	"O"	4	2
155	12	192	4	-9	"O"	"O"	4	2
155	12	193	4	-9	"O"	"O"	4	2
155	12	194	4	-9	"O"	"O"	4	2
155	12	190	4	-9	"O"	"O"	4	2
23	27	196	4	-9	"O"	"O"	2	4
23	27	197	4	-9	"O"	"O"	2	4
23	27	195	4	-9	"O"	"O"	2	4
23	27	200	4	-9	"O"	"O"	2	4
23	27	198	4	-9	"O"	"O"	2	4
155	31	181	4	-9	"O"	"O"	4	2
155	31	186	4	-9	"O"	"O"	4	2
155	31	186	4	-9	"O"	"O"	4	2
155	31	187	4	-9	"O"	"O"	4	2
155	31	181	4	-9	"O"	"O"	4	2
2	27	189	3	-9	"O"	"O"	2	4
2	27	193	3	-9	"O"	"O"	2	4
2	27	198	3	-9	"O"	"O"	2	4
2	27	189	3	-9	"O"	"O"	2	4
2	27	189	3	-9	"O"	"O"	2	4
2	6	152	3	1	"O"	"O"	2	4
2	6	144	3	1	"O"	"O"	2	4
2	6	157	3	1	"O"	"O"	2	4
2	6	156	3	1	"O"	"O"	2	4
2	6	149	3	1	"O"	"O"	2	4
133	17	156	4	-9	"O"	"O"	4	4
133	17	62	4	-9	"O"	"O"	4	4
133	17	116	4	-9	"O"	"O"	4	4
133	17	158	4	-9	"O"	"O"	4	4
133	17	149	4	-9	"O"	"O"	4	4
99	22	177	4	-9	"O"	"O"	4	4
99	22	193	4	-9	"O"	"O"	4	4
99	22	194	4	-9	"O"	"O"	4	4
99	22	184	4	-9	"O"	"O"	4	4
99	22	171	4	-9	"O"	"O"	4	4
99	18	194	4	-9	"O"	"O"	4	4
99	18	189	4	-9	"O"	"O"	4	4
99	18	190	4	-9	"O"	"O"	4	4
99	18	195	4	-9	"O"	"O"	4	4
99	18	196	4	-9	"O"	"O"	4	4
99	29	170	4	-9	"O"	"O"	4	4
99	29	188	4	-9	"O"	"O"	4	4
99	29	184	4	-9	"O"	"O"	4	4
99	29	180	4	-9	"O"	"O"	4	4
99	29	183	4	-9	"O"	"O"	4	4
45	17	187	4	-9	"O"	"O"	2	4
45	17	182	4	-9	"O"	"O"	2	4
45	17	186	4	-9	"O"	"O"	2	4
45	17	190	4	-9	"O"	"O"	2	4
45	17	189	4	-9	"O"	"O"	2	4
45	6	180	4	-9	"O"	"O"	2	4
12	23	199	4	1	"O"	"O"	4	4
12	23	197	4	1	"O"	"O"	4	4
12	23	198	4	1	"O"	"O"	4	4
12	23	196	4	1	"O"	"O"	4	4
12	23	196	4	1	"O"	"O"	4	4
12	22	196	4	1	"O"	"O"	4	4
12	22	196	4	1	"O"	"O"	4	4
12	22	196	4	1	"O"	"O"	4	4
12	22	193	4	1	"O"	"O"	4	4
12	22	193	4	1	"O"	"O"	4	4
12	20	190	4	-9	"O"	"O"	4	4
12	20	190	4	-9	"O"	"O"	4	4
12	20	197	4	-9	"O"	"O"	4	4
12	20	193	4	-9	"O"	"O"	4	4
12	20	196	4	-9	"O"	"O"	4	4
80	23	158	3	-9	"O"	"O"	4	4
80	23	151	3	-9	"O"	"O"	4	4
80	23	153	3	-9	"O"	"O"	4	4
80	23	154	3	-9	"O"	"O"	4	4
80	23	87	3	-9	"O"	"O"	4	4
124	24	197	4	-9	"O"	"O"	4	2
124	24	184	4	-9	"O"	"O"	4	2
124	24	188	4	-9	"O"	"O"	4	2
124	24	194	4	-9	"O"	"O"	4	2
124	24	192	4	-9	"O"	"O"	4	2
148	31	197	4	-9	"O"	"O"	4	4
148	31	199	4	-9	"O"	"O"	4	4
148	31	198	4	-9	"O"	"O"	4	4
148	31	196	4	-9	"O"	"O"	4	4
148	31	187	4	-9	"O"	"O"	4	4
148	10	195	4	-9	"O"	"O"	4	4
148	10	200	4	-9	"O"	"O"	4	4
148	10	199	4	-9	"O"	"O"	4	4
148	10	198	4	-9	"O"	"O"	4	4
148	10	199	4	-9	"O"	"O"	4	4
148	19	197	4	-9	"O"	"O"	4	4
148	19	192	4	-9	"O"	"O"	4	4
148	19	199	4	-9	"O"	"O"	4	4
148	19	200	4	-9	"O"	"O"	4	4
148	19	200	4	-9	"O"	"O"	4	4
108	14	188	4	-9	"O"	"M"	4	2
2	4	197	3	-9	"O"	"O"	2	4
2	4	193	3	-9	"O"	"O"	2	4
2	4	200	3	-9	"O"	"O"	2	4
2	4	193	3	-9	"O"	"O"	2	4
2	4	197	3	-9	"O"	"O"	2	4
90	25	186	4	-9	"O"	"O"	4	4
90	25	186	4	-9	"O"	"O"	4	4
90	25	184	4	-9	"O"	"O"	4	4
90	25	193	4	-9	"O"	"O"	4	4
90	25	183	4	-9	"O"	"O"	4	4
66	31	181	4	2	"O"	"O"	2	4
66	31	190	4	2	"O"	"O"	2	4
66	31	193	4	2	"O"	"O"	2	4
66	31	194	4	2	"O"	"O"	2	4
66	31	196	4	2	"O"	"O"	2	4
165	15	193	4	-9	"O"	"O"	4	4
165	15	191	4	-9	"O"	"O"	4	4
165	15	186	4	-9	"O"	"O"	4	4
165	15	195	4	-9	"O"	"O"	4	4
165	15	179	4	-9	"O"	"O"	4	4
66	21	192	4	-9	"O"	"O"	2	4
66	21	198	4	-9	"O"	"O"	2	4
66	21	190	4	-9	"O"	"O"	2	4
66	21	194	4	-9	"O"	"O"	2	4
66	21	193	4	-9	"O"	"O"	2	4
15	17	199	4	-9	"O"	"M"	2	2
15	17	199	4	-9	"O"	"M"	2	2
15	17	197	4	-9	"O"	"M"	2	2
15	17	198	4	-9	"O"	"M"	2	2
15	17	199	4	-9	"O"	"M"	2	2
15	4	199	4	-9	"O"	"M"	2	2
15	4	195	4	-9	"O"	"M"	2	2
15	4	196	4	-9	"O"	"M"	2	2
15	4	200	4	-9	"O"	"M"	2	2
15	4	198	4	-9	"O"	"M"	2	2
80	18	197	3	-9	"O"	"O"	4	4
80	18	197	3	-9	"O"	"O"	4	4
80	18	198	3	-9	"O"	"O"	4	4
80	18	190	3	-9	"O"	"O"	4	4
80	18	197	3	-9	"O"	"O"	4	4
2	5	191	3	-9	"O"	"O"	2	4
2	5	82	3	-9	"O"	"O"	2	4
2	5	196	3	-9	"O"	"O"	2	4
2	5	198	3	-9	"O"	"O"	2	4
2	5	199	3	-9	"O"	"O"	2	4
791	16	162	-9	-9	"O"	"O"	4	4
791	16	125	-9	-9	"O"	"O"	4	4
791	16	178	-9	-9	"O"	"O"	4	4
791	16	184	-9	-9	"O"	"O"	4	4
791	16	173	-9	-9	"O"	"O"	4	4
116	28	179	4	-9	"O"	"O"	4	2
116	28	169	4	-9	"O"	"O"	4	2
116	28	187	4	-9	"O"	"O"	4	2
116	28	182	4	-9	"O"	"O"	4	2
116	28	181	4	-9	"O"	"O"	4	2
90	16	154	4	-9	"O"	"O"	4	4
90	16	132	4	-9	"O"	"O"	4	4
90	16	124	4	-9	"O"	"O"	4	4
90	16	167	4	-9	"O"	"O"	4	4
90	16	184	4	-9	"O"	"O"	4	4
80	21	193	3	-9	"O"	"O"	4	4
80	21	198	3	-9	"O"	"O"	4	4
80	21	197	3	-9	"O"	"O"	4	4
80	21	197	3	-9	"O"	"O"	4	4
80	21	197	3	-9	"O"	"O"	4	4
90	12	190	4	-9	"O"	"O"	4	4
90	12	197	4	-9	"O"	"O"	4	4
90	12	195	4	-9	"O"	"O"	4	4
90	12	192	4	-9	"O"	"O"	4	4
90	12	193	4	-9	"O"	"O"	4	4
155	10	183	4	-9	"O"	"O"	4	2
155	10	191	4	-9	"O"	"O"	4	2
155	10	186	4	-9	"O"	"O"	4	2
155	10	184	4	-9	"O"	"O"	4	2
155	10	184	4	-9	"O"	"O"	4	2
23	20	196	4	-9	"O"	"O"	2	4
23	20	195	4	-9	"O"	"O"	2	4
23	20	193	4	-9	"O"	"O"	2	4
23	20	193	4	-9	"O"	"O"	2	4
23	20	196	4	-9	"O"	"O"	2	4
23	32	198	4	-9	"O"	"O"	2	4
23	32	189	4	-9	"O"	"O"	2	4
23	32	197	4	-9	"O"	"O"	2	4
23	32	193	4	-9	"O"	"O"	2	4
23	32	191	4	-9	"O"	"O"	2	4
21	15	194	4	-9	"O"	"O"	2	2
21	15	198	4	-9	"O"	"O"	2	2
21	15	198	4	-9	"O"	"O"	2	2
21	15	173	4	-9	"O"	"O"	2	2
21	15	198	4	-9	"O"	"O"	2	2
21	26	189	4	-9	"O"	"O"	2	2
21	26	193	4	-9	"O"	"O"	2	2
21	26	187	4	-9	"O"	"O"	2	2
21	26	188	4	-9	"O"	"O"	2	2
21	26	193	4	-9	"O"	"O"	2	2
133	27	163	4	-9	"O"	"O"	4	4
133	27	166	4	-9	"O"	"O"	4	4
133	27	164	4	-9	"O"	"O"	4	4
133	27	141	4	-9	"O"	"O"	4	4
133	27	158	4	-9	"O"	"O"	4	4
75	24	164	4	-9	"O"	"O"	2	4
75	24	168	4	-9	"O"	"O"	2	4
75	24	171	4	-9	"O"	"O"	2	4
75	24	166	4	-9	"O"	"O"	2	4
75	24	164	4	-9	"O"	"O"	2	4
75	28	194	4	-9	"O"	"O"	2	4
75	28	180	4	-9	"O"	"O"	2	4
75	28	183	4	-9	"O"	"O"	2	4
75	28	192	4	-9	"O"	"O"	2	4
75	28	183	4	-9	"O"	"O"	2	4
21	5	184	4	-9	"O"	"O"	2	2
21	5	181	4	-9	"O"	"O"	2	2
21	5	84	4	-9	"O"	"O"	2	2
21	5	169	4	-9	"O"	"O"	2	2
21	5	108	4	-9	"O"	"O"	2	2
209	9	149	2	1	"O"	"M"	4	2
209	9	154	2	1	"O"	"M"	4	2
209	9	145	2	1	"O"	"M"	4	2
209	9	146	2	1	"O"	"M"	4	2
209	9	194	2	1	"O"	"M"	4	2
209	6	199	2	1	"O"	"M"	4	2
209	6	199	2	1	"O"	"M"	4	2
209	6	200	2	1	"O"	"M"	4	2
209	6	198	2	1	"O"	"M"	4	2
209	6	200	2	1	"O"	"M"	4	2
209	1	199	2	-9	"O"	"M"	4	2
209	1	196	2	-9	"O"	"M"	4	2
209	1	198	2	-9	"O"	"M"	4	2
209	1	195	2	-9	"O"	"M"	4	2
209	1	196	2	-9	"O"	"M"	4	2
209	8	199	2	-9	"O"	"M"	4	2
209	4	198	2	-9	"O"	"M"	4	2
210	1	199	2	-9	"O"	"M"	4	2
210	1	197	2	-9	"O"	"M"	4	2
90	4	197	4	-9	"O"	"O"	4	4
90	4	197	4	-9	"O"	"O"	4	4
90	4	191	4	-9	"O"	"O"	4	4
90	4	195	4	-9	"O"	"O"	4	4
90	4	200	4	-9	"O"	"O"	4	4
209	9.2	198	2	-9	"O"	"M"	4	2
209	9.2	197	2	-9	"O"	"M"	4	2
209	9.2	197	2	-9	"O"	"M"	4	2
209	9.2	200	2	-9	"O"	"M"	4	2
209	9.2	200	2	-9	"O"	"M"	4	2
203	7	27	2	-9	"M"	"O"	3	2
203	7	44	2	-9	"M"	"O"	3	2
203	7	49	2	-9	"M"	"O"	3	2
203	7	43	2	-9	"M"	"O"	3	2
202	4	47	2	1	"M"	"O"	3	2
202	4	44	2	1	"M"	"O"	3	2
202	4	35	2	1	"M"	"O"	3	2
202	4	14	2	1	"M"	"O"	3	2
202	4	36	2	1	"M"	"O"	3	2
165	32	176	4	-9	"O"	"O"	4	4
165	32	167	4	-9	"O"	"O"	4	4
165	32	186	4	-9	"O"	"O"	4	4
165	32	171	4	-9	"O"	"O"	4	4
165	32	177	4	-9	"O"	"O"	4	4
124	5	189	4	-9	"O"	"O"	4	2
124	5	193	4	-9	"O"	"O"	4	2
124	5	189	4	-9	"O"	"O"	4	2
124	5	181	4	-9	"O"	"O"	4	2
124	5	166	4	-9	"O"	"O"	4	2
220	1	199	2	-9	"O"	"M"	4	2
220	1	174	2	-9	"O"	"M"	4	2
66	25	183	4	-9	"O"	"O"	2	4
66	25	188	4	-9	"O"	"O"	2	4
66	25	128	4	-9	"O"	"O"	2	4
66	25	190	4	-9	"O"	"O"	2	4
66	25	178	4	-9	"O"	"O"	2	4
202	1	37	2	-9	"M"	"O"	3	2
202	1	34	2	-9	"M"	"O"	3	2
202	1	57	2	-9	"M"	"O"	3	2
202	1	26	2	-9	"M"	"O"	3	2
202	1	55	2	-9	"M"	"O"	3	2
141	5	197	3	-9	"O"	"O"	4	4
141	5	197	3	-9	"O"	"O"	4	4
141	5	198	3	-9	"O"	"O"	4	4
141	5	198	3	-9	"O"	"O"	4	4
141	5	190	3	-9	"O"	"O"	4	4
165	999	168	4	-9	"O"	"O"	4	4
165	999	166	4	-9	"O"	"O"	4	4
165	999	177	4	-9	"O"	"O"	4	4
165	999	178	4	-9	"O"	"O"	4	4
165	999	144	4	-9	"O"	"O"	4	4
165	17	198	4	-9	"O"	"O"	4	4
165	17	198	4	-9	"O"	"O"	4	4
165	17	186	4	-9	"O"	"O"	4	4
165	17	199	4	-9	"O"	"O"	4	4
165	17	193	4	-9	"O"	"O"	4	4
66	23	195	4	-9	"O"	"O"	2	4
66	23	178	4	-9	"O"	"O"	2	4
66	23	189	4	-9	"O"	"O"	2	4
66	23	165	4	-9	"O"	"O"	2	4
66	23	194	4	-9	"O"	"O"	2	4
203	1	12	2	-9	"M"	"O"	3	2
203	1	13	2	-9	"M"	"O"	3	2
203	1	16	2	-9	"M"	"O"	3	2
203	1	16	2	-9	"M"	"O"	3	2
203	1	20	2	-9	"M"	"O"	3	2
844	5	193	-9	-9	"z"	"z"	"z"	"z"
844	5	197	-9	-9	"z"	"z"	"z"	"z"
844	5	180	-9	-9	"z"	"z"	"z"	"z"
844	5	194	-9	-9	"z"	"z"	"z"	"z"
844	5	196	-9	-9	"z"	"z"	"z"	"z"
200	12	24	2	-9	"M"	"O"	3	4
200	12	43	2	-9	"M"	"O"	3	4
200	12	53	2	-9	"M"	"O"	3	4
200	12	49	2	-9	"M"	"O"	3	4
200	12	43	2	-9	"M"	"O"	3	4
844	12	160	-9	-9	"z"	"z"	"z"	"z"
844	12	174	-9	-9	"z"	"z"	"z"	"z"
844	12	158	-9	-9	"z"	"z"	"z"	"z"
844	12	151	-9	-9	"z"	"z"	"z"	"z"
844	12	177	-9	-9	"z"	"z"	"z"	"z"
209	5	198	2	-9	"O"	"M"	4	2
209	5	197	2	-9	"O"	"M"	4	2
209	5	197	2	-9	"O"	"M"	4	2
209	5	184	2	-9	"O"	"M"	4	2
209	5	200	2	-9	"O"	"M"	4	2
202	6	20	2	-9	"M"	"O"	3	2
202	6	43	2	-9	"M"	"O"	3	2
202	6	55	2	-9	"M"	"O"	3	2
202	6	8	2	-9	"M"	"O"	3	2
202	6	23	2	-9	"M"	"O"	3	2
205	2	18	2	1	"M"	"O"	3	4
205	2	28	2	1	"M"	"O"	3	4
205	2	31	2	1	"M"	"O"	3	4
205	2	19	2	1	"M"	"O"	3	4
205	2	20	2	1	"M"	"O"	3	4
201	4	10	2	-9	"M"	"O"	3	2
201	4	9	2	-9	"M"	"O"	3	2
201	4	7	2	-9	"M"	"O"	3	2
201	4	8	2	-9	"M"	"O"	3	2
201	4	50	2	-9	"M"	"O"	3	2
202	3	14	2	-9	"M"	"O"	3	2
202	3	15	2	-9	"M"	"O"	3	2
202	3	31	2	-9	"M"	"O"	3	2
202	3	40	2	-9	"M"	"O"	3	2
202	3	17	2	-9	"M"	"O"	3	2
200	10	53	2	1	"M"	"O"	3	4
200	10	59	2	1	"M"	"O"	3	4
200	10	56	2	1	"M"	"O"	3	4
200	10	57	2	1	"M"	"O"	3	4
200	10	59	2	1	"M"	"O"	3	4
200	5	20	2	-9	"M"	"O"	3	4
200	5	20	2	-9	"M"	"O"	3	4
200	5	11	2	-9	"M"	"O"	3	4
209	10	191	2	-9	"O"	"M"	4	2
209	10	192	2	-9	"O"	"M"	4	2
209	10	182	2	-9	"O"	"M"	4	2
209	10	192	2	-9	"O"	"M"	4	2
209	10	189	2	-9	"O"	"M"	4	2
21	29	193	4	-9	"O"	"O"	2	2
21	29	189	4	-9	"O"	"O"	2	2
21	29	186	4	-9	"O"	"O"	2	2
21	29	188	4	-9	"O"	"O"	2	2
21	29	190	4	-9	"O"	"O"	2	2
847	1	198	-9	1	"z"	"z"	"z"	"z"
847	1	198	-9	1	"z"	"z"	"z"	"z"
847	1	196	-9	1	"z"	"z"	"z"	"z"
847	1	196	-9	1	"z"	"z"	"z"	"z"
847	1	197	-9	1	"z"	"z"	"z"	"z"
791	14	170	-9	1	"O"	"O"	4	4
791	14	185	-9	1	"O"	"O"	4	4
791	14	110	-9	1	"O"	"O"	4	4
791	14	111	-9	1	"O"	"O"	4	4
791	14	189	-9	1	"O"	"O"	4	4
75	6	179	4	1	"O"	"O"	2	4
75	6	175	4	1	"O"	"O"	2	4
75	6	154	4	1	"O"	"O"	2	4
75	6	139	4	1	"O"	"O"	2	4
75	6	177	4	1	"O"	"O"	2	4
844	422	200	-9	1	"z"	"z"	"z"	"z"
844	422	195	-9	1	"z"	"z"	"z"	"z"
844	422	194	-9	1	"z"	"z"	"z"	"z"
844	422	199	-9	1	"z"	"z"	"z"	"z"
844	422	193	-9	1	"z"	"z"	"z"	"z"
133	20	157	4	-9	"O"	"O"	4	4
133	20	160	4	-9	"O"	"O"	4	4
133	20	156	4	-9	"O"	"O"	4	4
133	20	155	4	-9	"O"	"O"	4	4
794	3	194	-9	1	"z"	"z"	"z"	"z"
794	3	199	-9	1	"z"	"z"	"z"	"z"
794	3	199	-9	1	"z"	"z"	"z"	"z"
794	3	194	-9	1	"z"	"z"	"z"	"z"
794	3	190	-9	1	"z"	"z"	"z"	"z"
846	999	195	-9	1	"z"	"z"	"z"	"z"
846	999	188	-9	1	"z"	"z"	"z"	"z"
846	999	199	-9	1	"z"	"z"	"z"	"z"
846	999	196	-9	1	"z"	"z"	"z"	"z"
847	1	192	-9	2	"z"	"z"	"z"	"z"
847	1	195	-9	2	"z"	"z"	"z"	"z"
847	1	195	-9	2	"z"	"z"	"z"	"z"
847	1	200	-9	2	"z"	"z"	"z"	"z"
847	1	200	-9	2	"z"	"z"	"z"	"z"
791	14	195	-9	2	"O"	"O"	4	4
791	14	199	-9	2	"O"	"O"	4	4
791	14	187	-9	2	"O"	"O"	4	4
791	14	196	-9	2	"O"	"O"	4	4
791	14	198	-9	2	"O"	"O"	4	4
791	14	197	-9	3	"O"	"O"	4	4
791	14	196	-9	3	"O"	"O"	4	4
791	14	197	-9	3	"O"	"O"	4	4
791	14	192	-9	3	"O"	"O"	4	4
791	14	192	-9	3	"O"	"O"	4	4
861	6	195	-9	-9	"z"	"z"	"z"	"z"
861	6	192	-9	-9	"z"	"z"	"z"	"z"
861	6	198	-9	-9	"z"	"z"	"z"	"z"
861	6	189	-9	-9	"z"	"z"	"z"	"z"
861	6	191	-9	-9	"z"	"z"	"z"	"z"
847	1	198	-9	3	"z"	"z"	"z"	"z"
847	1	197	-9	3	"z"	"z"	"z"	"z"
847	1	189	-9	3	"z"	"z"	"z"	"z"
847	1	194	-9	3	"z"	"z"	"z"	"z"
847	1	195	-9	3	"z"	"z"	"z"	"z"
847	5	182	-9	-9	"z"	"z"	"z"	"z"
847	5	196	-9	-9	"z"	"z"	"z"	"z"
847	5	192	-9	-9	"z"	"z"	"z"	"z"
847	5	183	-9	-9	"z"	"z"	"z"	"z"
847	5	199	-9	-9	"z"	"z"	"z"	"z"
209	4	197	2	-9	"O"	"M"	4	2
209	4	200	2	-9	"O"	"M"	4	2
209	4	199	2	-9	"O"	"M"	4	2
209	4	200	2	-9	"O"	"M"	4	2
209	4	200	2	-9	"O"	"M"	4	2
209	3	160	2	-9	"O"	"M"	4	2
209	3	182	2	-9	"O"	"M"	4	2
209	3	181	2	-9	"O"	"M"	4	2
209	3	168	2	-9	"O"	"M"	4	2
209	3	181	2	-9	"O"	"M"	4	2
202	4	14	2	2	"M"	"O"	3	2
202	4	14	2	2	"M"	"O"	3	2
202	4	22	2	2	"M"	"O"	3	2
202	4	15	2	2	"M"	"O"	3	2
202	4	27	2	2	"M"	"O"	3	2
205	2	6	2	2	"M"	"O"	3	4
205	2	21	2	2	"M"	"O"	3	4
205	2	9	2	2	"M"	"O"	3	4
205	2	14	2	2	"M"	"O"	3	4
205	2	12	2	2	"M"	"O"	3	4
209	9	197	2	2	"O"	"M"	4	2
209	9	192	2	2	"O"	"M"	4	2
209	9	192	2	2	"O"	"M"	4	2
209	9	195	2	2	"O"	"M"	4	2
209	9	193	2	2	"O"	"M"	4	2
75	6	192	4	2	"O"	"O"	2	4
75	6	189	4	2	"O"	"O"	2	4
75	6	190	4	2	"O"	"O"	2	4
75	6	186	4	2	"O"	"O"	2	4
75	6	193	4	2	"O"	"O"	2	4
54	17	196	4	-9	"O"	"O"	2	2
54	17	194	4	-9	"O"	"O"	2	2
54	17	195	4	-9	"O"	"O"	2	2
54	17	196	4	-9	"O"	"O"	2	2
54	17	196	4	-9	"O"	"O"	2	2
54	3	198	4	-9	"O"	"O"	2	2
54	3	198	4	-9	"O"	"O"	2	2
54	3	196	4	-9	"O"	"O"	2	2
54	3	198	4	-9	"O"	"O"	2	2
54	3	198	4	-9	"O"	"O"	2	2
54	32	192	4	-9	"O"	"O"	2	2
54	32	183	4	-9	"O"	"O"	2	2
54	32	186	4	-9	"O"	"O"	2	2
54	32	186	4	-9	"O"	"O"	2	2
54	32	189	4	-9	"O"	"O"	2	2
21	10	177	4	-9	"O"	"O"	2	2
21	10	190	4	-9	"O"	"O"	2	2
21	10	192	4	-9	"O"	"O"	2	2
21	10	188	4	-9	"O"	"O"	2	2
21	10	180	4	-9	"O"	"O"	2	2
133	11	170	4	-9	"O"	"O"	4	4
133	11	171	4	-9	"O"	"O"	4	4
133	11	187	4	-9	"O"	"O"	4	4
133	11	185	4	-9	"O"	"O"	4	4
133	11	200	4	-9	"O"	"O"	4	4
54	21	199	4	-9	"O"	"O"	2	2
54	21	199	4	-9	"O"	"O"	2	2
54	21	200	4	-9	"O"	"O"	2	2
54	21	200	4	-9	"O"	"O"	2	2
54	21	199	4	-9	"O"	"O"	2	2
178	13	168	4	-9	"O"	"O"	4	2
178	13	179	4	-9	"O"	"O"	4	2
178	13	180	4	-9	"O"	"O"	4	2
178	13	180	4	-9	"O"	"O"	4	2
178	13	157	4	-9	"O"	"O"	4	2
178	27	197	4	-9	"O"	"O"	4	2
178	27	199	4	-9	"O"	"O"	4	2
178	27	198	4	-9	"O"	"O"	4	2
178	27	195	4	-9	"O"	"O"	4	2
178	27	200	4	-9	"O"	"O"	4	2
178	20	186	4	-9	"O"	"O"	4	2
178	20	186	4	-9	"O"	"O"	4	2
178	20	187	4	-9	"O"	"O"	4	2
178	20	189	4	-9	"O"	"O"	4	2
178	20	180	4	-9	"O"	"O"	4	2
33	24	165	4	-9	"O"	"O"	2	4
33	24	170	4	-9	"O"	"O"	2	4
33	24	164	4	-9	"O"	"O"	2	4
33	24	174	4	-9	"O"	"O"	2	4
33	24	172	4	-9	"O"	"O"	2	4
793	999	153	-9	-9	"z"	"z"	"z"	"z"
793	999	127	-9	-9	"z"	"z"	"z"	"z"
793	999	157	-9	-9	"z"	"z"	"z"	"z"
793	999	159	-9	-9	"z"	"z"	"z"	"z"
793	999	157	-9	-9	"z"	"z"	"z"	"z"
75	8	164	4	-9	"O"	"O"	2	4
75	8	175	4	-9	"O"	"O"	2	4
75	8	161	4	-9	"O"	"O"	2	4
75	8	145	4	-9	"O"	"O"	2	4
75	8	158	4	-9	"O"	"O"	2	4
75	14	199	4	-9	"O"	"O"	2	4
75	14	194	4	-9	"O"	"O"	2	4
75	14	197	4	-9	"O"	"O"	2	4
75	14	198	4	-9	"O"	"O"	2	4
75	14	197	4	-9	"O"	"O"	2	4
842	2	199	-9	-9	"z"	"z"	"z"	"z"
842	2	200	-9	-9	"z"	"z"	"z"	"z"
842	2	199	-9	-9	"z"	"z"	"z"	"z"
842	2	198	-9	-9	"z"	"z"	"z"	"z"
842	2	200	-9	-9	"z"	"z"	"z"	"z"
842	1	198	-9	1	"z"	"z"	"z"	"z"
842	1	200	-9	1	"z"	"z"	"z"	"z"
842	1	197	-9	1	"z"	"z"	"z"	"z"
842	1	197	-9	1	"z"	"z"	"z"	"z"
842	1	200	-9	1	"z"	"z"	"z"	"z"
200	10	65	2	2	"M"	"O"	3	4
200	10	65	2	2	"M"	"O"	3	4
200	10	64	2	2	"M"	"O"	3	4
200	10	56	2	2	"M"	"O"	3	4
200	10	43	2	2	"M"	"O"	3	4
209	6	199	2	2	"O"	"M"	4	2
209	6	200	2	2	"O"	"M"	4	2
209	6	200	2	2	"O"	"M"	4	2
209	6	200	2	2	"O"	"M"	4	2
209	6	199	2	2	"O"	"M"	4	2
178	19	182	4	-9	"O"	"O"	4	2
178	19	186	4	-9	"O"	"O"	4	2
178	19	184	4	-9	"O"	"O"	4	2
178	19	161	4	-9	"O"	"O"	4	2
178	19	183	4	-9	"O"	"O"	4	2
178	11	184	4	-9	"O"	"O"	4	2
178	11	181	4	-9	"O"	"O"	4	2
178	11	190	4	-9	"O"	"O"	4	2
178	11	195	4	-9	"O"	"O"	4	2
178	11	189	4	-9	"O"	"O"	4	2
124	30	150	4	-9	"O"	"O"	4	2
124	30	185	4	-9	"O"	"O"	4	2
124	30	186	4	-9	"O"	"O"	4	2
124	30	183	4	-9	"O"	"O"	4	2
124	30	159	4	-9	"O"	"O"	4	2
23	13	195	4	-9	"O"	"O"	2	4
23	13	188	4	-9	"O"	"O"	2	4
23	13	199	4	-9	"O"	"O"	2	4
23	13	197	4	-9	"O"	"O"	2	4
23	13	198	4	-9	"O"	"O"	2	4
2	6	163	3	2	"O"	"O"	2	4
2	6	148	3	2	"O"	"O"	2	4
2	6	144	3	2	"O"	"O"	2	4
2	6	152	3	2	"O"	"O"	2	4
2	6	135	3	2	"O"	"O"	2	4
23	24	193	4	-9	"O"	"O"	2	4
23	24	194	4	-9	"O"	"O"	2	4
23	24	193	4	-9	"O"	"O"	2	4
23	24	192	4	-9	"O"	"O"	2	4
23	24	196	4	-9	"O"	"O"	2	4
2	1	199	3	-9	"O"	"O"	2	4
2	1	198	3	-9	"O"	"O"	2	4
2	1	197	3	-9	"O"	"O"	2	4
2	1	197	3	-9	"O"	"O"	2	4
2	1	196	3	-9	"O"	"O"	2	4
200	5	11	2	-9	"M"	"O"	3	4
200	5	3	2	-9	"M"	"O"	3	4
200	5	4	2	-9	"M"	"O"	3	4
200	5	8	2	-9	"M"	"O"	3	4
200	5	2	2	-9	"M"	"O"	3	4
54	29	198	4	-9	"O"	"O"	2	2
54	29	188	4	-9	"O"	"O"	2	2
54	29	179	4	-9	"O"	"O"	2	2
54	29	190	4	-9	"O"	"O"	2	2
54	29	194	4	-9	"O"	"O"	2	2
116	5	176	4	-9	"O"	"O"	4	2
116	5	182	4	-9	"O"	"O"	4	2
116	5	153	4	-9	"O"	"O"	4	2
116	5	132	4	-9	"O"	"O"	4	2
116	5	193	4	-9	"O"	"O"	4	2
116	15	188	4	-9	"O"	"O"	4	2
116	15	190	4	-9	"O"	"O"	4	2
116	15	193	4	-9	"O"	"O"	4	2
116	15	189	4	-9	"O"	"O"	4	2
116	15	188	4	-9	"O"	"O"	4	2
116	14	158	4	-9	"O"	"O"	4	2
116	14	180	4	-9	"O"	"O"	4	2
116	14	188	4	-9	"O"	"O"	4	2
116	14	188	4	-9	"O"	"O"	4	2
116	14	186	4	-9	"O"	"O"	4	2
846	999	198	-9	2	"z"	"z"	"z"	"z"
846	999	197	-9	2	"z"	"z"	"z"	"z"
846	999	198	-9	2	"z"	"z"	"z"	"z"
846	999	200	-9	2	"z"	"z"	"z"	"z"
846	999	187	-9	2	"z"	"z"	"z"	"z"
847	1	200	-9	4	"z"	"z"	"z"	"z"
794	3	199	-9	2	"z"	"z"	"z"	"z"
794	3	200	-9	2	"z"	"z"	"z"	"z"
794	3	200	-9	2	"z"	"z"	"z"	"z"
794	3	200	-9	2	"z"	"z"	"z"	"z"
847	5	198	-9	-9	"z"	"z"	"z"	"z"
847	5	198	-9	-9	"z"	"z"	"z"	"z"
847	5	116	-9	-9	"z"	"z"	"z"	"z"
847	5	197	-9	-9	"z"	"z"	"z"	"z"
847	5	198	-9	-9	"z"	"z"	"z"	"z"
847	1	199	-9	5	"z"	"z"	"z"	"z"
847	1	195	-9	5	"z"	"z"	"z"	"z"
847	1	197	-9	5	"z"	"z"	"z"	"z"
847	1	197	-9	5	"z"	"z"	"z"	"z"
847	1	194	-9	5	"z"	"z"	"z"	"z"
842	1	198	-9	2	"z"	"z"	"z"	"z"
842	1	200	-9	2	"z"	"z"	"z"	"z"
842	1	200	-9	2	"z"	"z"	"z"	"z"
842	1	198	-9	2	"z"	"z"	"z"	"z"
794	1	196	-9	-9	"z"	"z"	"z"	"z"
794	1	196	-9	-9	"z"	"z"	"z"	"z"
794	1	195	-9	-9	"z"	"z"	"z"	"z"
794	1	196	-9	-9	"z"	"z"	"z"	"z"
794	1	180	-9	-9	"z"	"z"	"z"	"z"
791	1	174	-9	-9	"O"	"O"	4	4
791	1	198	-9	-9	"O"	"O"	4	4
791	1	200	-9	-9	"O"	"O"	4	4
791	1	199	-9	-9	"O"	"O"	4	4
791	1	198	-9	-9	"O"	"O"	4	4
847	1	186	-9	6	"z"	"z"	"z"	"z"
847	1	194	-9	6	"z"	"z"	"z"	"z"
847	1	199	-9	6	"z"	"z"	"z"	"z"
847	1	198	-9	6	"z"	"z"	"z"	"z"
847	1	196	-9	6	"z"	"z"	"z"	"z"
844	422	196	-9	2	"z"	"z"	"z"	"z"
844	422	196	-9	2	"z"	"z"	"z"	"z"
844	422	199	-9	2	"z"	"z"	"z"	"z"
844	422	200	-9	2	"z"	"z"	"z"	"z"
11	4	193	4	-9	"O"	"M"	2	2
11	4	199	4	-9	"O"	"M"	2	2
11	4	196	4	-9	"O"	"M"	2	2
11	4	196	4	-9	"O"	"M"	2	2
11	4	200	4	-9	"O"	"M"	2	2
11	7	180	4	-9	"O"	"M"	2	2
11	7	193	4	-9	"O"	"M"	2	2
11	7	195	4	-9	"O"	"M"	2	2
11	7	192	4	-9	"O"	"M"	2	2
11	7	200	4	-9	"O"	"M"	2	2
7	18	186	3	-9	"O"	"O"	2	4
7	18	199	3	-9	"O"	"O"	2	4
7	18	200	3	-9	"O"	"O"	2	4
7	18	192	3	-9	"O"	"O"	2	4
7	18	199	3	-9	"O"	"O"	2	4
7	22	200	3	-9	"O"	"O"	2	4
7	22	198	3	-9	"O"	"O"	2	4
7	22	199	3	-9	"O"	"O"	2	4
7	22	195	3	-9	"O"	"O"	2	4
7	22	198	3	-9	"O"	"O"	2	4
12	31	194	-9	-9	"O"	"O"	4	4
12	31	183	-9	-9	"O"	"O"	4	4
12	31	197	-9	-9	"O"	"O"	4	4
12	31	183	-9	-9	"O"	"O"	4	4
12	31	189	-9	-9	"O"	"O"	4	4
7	5	198	3	-9	"O"	"O"	2	4
7	5	200	3	-9	"O"	"O"	2	4
7	5	199	3	-9	"O"	"O"	2	4
7	5	199	3	-9	"O"	"O"	2	4
7	5	199	3	-9	"O"	"O"	2	4
2	33	196	3	-9	"O"	"O"	2	4
2	33	187	3	-9	"O"	"O"	2	4
2	33	186	3	-9	"O"	"O"	2	4
2	33	195	3	-9	"O"	"O"	2	4
2	33	198	3	-9	"O"	"O"	2	4
12	30	198	-9	-9	"O"	"O"	4	4
12	30	196	-9	-9	"O"	"O"	4	4
2	46	161	3	-9	"O"	"O"	2	4
2	46	171	3	-9	"O"	"O"	2	4
2	46	181	3	-9	"O"	"O"	2	4
12	15	173	-9	-9	"O"	"O"	4	4
12	15	190	-9	-9	"O"	"O"	4	4
12	15	188	-9	-9	"O"	"O"	4	4
12	15	189	-9	-9	"O"	"O"	4	4
12	15	186	-9	-9	"O"	"O"	4	4
11	12	198	4	-9	"O"	"M"	2	2
11	12	200	4	-9	"O"	"M"	2	2
11	12	200	4	-9	"O"	"M"	2	2
11	12	189	4	-9	"O"	"M"	2	2
11	12	199	4	-9	"O"	"M"	2	2
12	11	196	-9	-9	"O"	"O"	4	4
12	11	197	-9	-9	"O"	"O"	4	4
12	11	199	-9	-9	"O"	"O"	4	4
12	11	196	-9	-9	"O"	"O"	4	4
12	11	197	-9	-9	"O"	"O"	4	4
7	31	198	3	-9	"O"	"O"	2	4
7	31	197	3	-9	"O"	"O"	2	4
7	31	190	3	-9	"O"	"O"	2	4
7	31	195	3	-9	"O"	"O"	2	4
7	31	196	3	-9	"O"	"O"	2	4
7	32	191	3	-9	"O"	"O"	2	4
7	32	172	3	-9	"O"	"O"	2	4
7	32	171	3	-9	"O"	"O"	2	4
7	32	160	3	-9	"O"	"O"	2	4
7	32	169	3	-9	"O"	"O"	2	4
6	4	194	3	-9	"O"	"O"	2	4
6	4	197	3	-9	"O"	"O"	2	4
6	4	195	3	-9	"O"	"O"	2	4
6	4	199	3	-9	"O"	"O"	2	4
6	4	196	3	-9	"O"	"O"	2	4
3	1	182	3	-9	"z"	"z"	"z"	"z"
3	1	196	3	-9	"z"	"z"	"z"	"z"
3	1	185	3	-9	"z"	"z"	"z"	"z"
3	1	189	3	-9	"z"	"z"	"z"	"z"
3	1	194	3	-9	"z"	"z"	"z"	"z"
11	13	200	4	-9	"O"	"M"	2	2
11	13	195	4	-9	"O"	"M"	2	2
11	13	196	4	-9	"O"	"M"	2	2
11	13	199	4	-9	"O"	"M"	2	2
11	13	198	4	-9	"O"	"M"	2	2
7	29	198	3	-9	"O"	"O"	2	4
7	29	199	3	-9	"O"	"O"	2	4
7	29	200	3	-9	"O"	"O"	2	4
7	29	198	3	-9	"O"	"O"	2	4
7	29	196	3	-9	"O"	"O"	2	4
6	10	197	3	-9	"O"	"O"	2	4
6	10	197	3	-9	"O"	"O"	2	4
6	10	196	3	-9	"O"	"O"	2	4
6	10	198	3	-9	"O"	"O"	2	4
6	10	192	3	-9	"O"	"O"	2	4
2	48	200	3	-9	"O"	"O"	2	4
2	48	200	3	-9	"O"	"O"	2	4
2	48	198	3	-9	"O"	"O"	2	4
2	48	198	3	-9	"O"	"O"	2	4
2	48	194	3	-9	"O"	"O"	2	4
11	15	197	4	-9	"O"	"M"	2	2
11	15	195	4	-9	"O"	"M"	2	2
11	15	192	4	-9	"O"	"M"	2	2
11	15	196	4	-9	"O"	"M"	2	2
11	15	193	4	-9	"O"	"M"	2	2
12	17	200	-9	-9	"O"	"O"	4	4
12	17	200	-9	-9	"O"	"O"	4	4
12	17	200	-9	-9	"O"	"O"	4	4
7	19	188	3	-9	"O"	"O"	2	4
7	19	182	3	-9	"O"	"O"	2	4
7	27	197	3	-9	"O"	"O"	2	4
7	27	195	3	-9	"O"	"O"	2	4
7	27	195	3	-9	"O"	"O"	2	4
7	7	196	3	-9	"O"	"O"	2	4
7	7	197	3	-9	"O"	"O"	2	4
7	7	198	3	-9	"O"	"O"	2	4
12	19	197	-9	-9	"O"	"O"	4	4
12	19	200	-9	-9	"O"	"O"	4	4
12	19	195	-9	-9	"O"	"O"	4	4
12	19	199	-9	-9	"O"	"O"	4	4
12	19	200	-9	-9	"O"	"O"	4	4
9	11	194	3	-9	"O"	"O"	2	4
9	11	195	3	-9	"O"	"O"	2	4
9	11	196	3	-9	"O"	"O"	2	4
9	11	195	3	-9	"O"	"O"	2	4
9	11	196	3	-9	"O"	"O"	2	4
12	22	191	-9	2	"O"	"O"	4	4
12	22	194	-9	2	"O"	"O"	4	4
12	22	198	-9	2	"O"	"O"	4	4
12	22	194	-9	2	"O"	"O"	4	4
12	22	187	-9	2	"O"	"O"	4	4
6	5	193	3	-9	"O"	"O"	2	4
6	5	194	3	-9	"O"	"O"	2	4
6	5	188	3	-9	"O"	"O"	2	4
6	5	191	3	-9	"O"	"O"	2	4
6	5	191	3	-9	"O"	"O"	2	4
12	23	195	-9	2	"O"	"O"	4	4
12	23	200	-9	2	"O"	"O"	4	4
12	23	198	-9	2	"O"	"O"	4	4
12	23	200	-9	2	"O"	"O"	4	4
12	23	197	-9	2	"O"	"O"	4	4
141	1	188	3	-9	"O"	"O"	4	4
141	1	196	3	-9	"O"	"O"	4	4
141	1	200	3	-9	"O"	"O"	4	4
141	1	198	3	-9	"O"	"O"	4	4
141	1	199	3	-9	"O"	"O"	4	4
155	9	190	4	-9	"O"	"O"	4	2
155	9	186	4	-9	"O"	"O"	4	2
155	9	180	4	-9	"O"	"O"	4	2
155	9	193	4	-9	"O"	"O"	4	2
155	9	185	4	-9	"O"	"O"	4	2
66	2	194	4	-9	"O"	"O"	2	4
66	2	197	4	-9	"O"	"O"	2	4
66	2	199	4	-9	"O"	"O"	2	4
66	2	192	4	-9	"O"	"O"	2	4
66	2	198	4	-9	"O"	"O"	2	4
141	23	196	3	-9	"O"	"O"	4	4
141	23	196	3	-9	"O"	"O"	4	4
141	23	199	3	-9	"O"	"O"	4	4
141	23	190	3	-9	"O"	"O"	4	4
141	23	196	3	-9	"O"	"O"	4	4
148	16	194	4	-9	"O"	"O"	4	4
148	16	189	4	-9	"O"	"O"	4	4
148	16	198	4	-9	"O"	"O"	4	4
148	16	196	4	-9	"O"	"O"	4	4
148	16	200	4	-9	"O"	"O"	4	4
141	21	194	3	-9	"O"	"O"	4	4
141	21	198	3	-9	"O"	"O"	4	4
141	21	193	3	-9	"O"	"O"	4	4
141	21	198	3	-9	"O"	"O"	4	4
141	21	197	3	-9	"O"	"O"	4	4
141	17	200	3	-9	"O"	"O"	4	4
141	17	200	3	-9	"O"	"O"	4	4
141	17	198	3	-9	"O"	"O"	4	4
141	17	196	3	-9	"O"	"O"	4	4
141	17	198	3	-9	"O"	"O"	4	4
90	30	191	4	-9	"O"	"O"	4	4
90	30	176	4	-9	"O"	"O"	4	4
90	30	163	4	-9	"O"	"O"	4	4
90	30	192	4	-9	"O"	"O"	4	4
90	30	193	4	-9	"O"	"O"	4	4
80	23	141	3	-9	"O"	"O"	4	4
80	23	116	3	-9	"O"	"O"	4	4
80	23	159	3	-9	"O"	"O"	4	4
80	23	163	3	-9	"O"	"O"	4	4
80	23	164	3	-9	"O"	"O"	4	4
15	20	196	4	-9	"O"	"M"	2	2
15	20	193	4	-9	"O"	"M"	2	2
15	20	196	4	-9	"O"	"M"	2	2
15	20	198	4	-9	"O"	"M"	2	2
15	20	198	4	-9	"O"	"M"	2	2
165	4	192	4	-9	"O"	"O"	4	4
165	4	186	4	-9	"O"	"O"	4	4
165	4	177	4	-9	"O"	"O"	4	4
165	4	189	4	-9	"O"	"O"	4	4
165	4	195	4	-9	"O"	"O"	4	4
124	6	188	4	-9	"O"	"O"	4	2
124	6	192	4	-9	"O"	"O"	4	2
124	6	192	4	-9	"O"	"O"	4	2
124	6	195	4	-9	"O"	"O"	4	2
124	6	1	4	-9	"O"	"O"	4	2
15	15	197	4	-9	"O"	"M"	2	2
15	15	196	4	-9	"O"	"M"	2	2
15	15	198	4	-9	"O"	"M"	2	2
15	15	194	4	-9	"O"	"M"	2	2
15	15	199	4	-9	"O"	"M"	2	2
165	10	155	4	-9	"O"	"O"	4	4
165	10	148	4	-9	"O"	"O"	4	4
165	10	155	4	-9	"O"	"O"	4	4
165	10	165	4	-9	"O"	"O"	4	4
165	10	165	4	-9	"O"	"O"	4	4
301	14	22	3	-9	"O"	"K"	4	1
301	14	18	3	-9	"O"	"K"	4	1
301	14	20	3	-9	"O"	"K"	4	1
301	14	24	3	-9	"O"	"K"	4	1
301	14	10	3	-9	"O"	"K"	4	1
301	9	21	3	-9	"O"	"K"	4	1
301	9	15	3	-9	"O"	"K"	4	1
301	9	52	3	-9	"O"	"K"	4	1
301	9	11	3	-9	"O"	"K"	4	1
301	9	19	3	-9	"O"	"K"	4	1
301	21	44	3	-9	"O"	"K"	4	1
301	21	20	3	-9	"O"	"K"	4	1
301	21	29	3	-9	"O"	"K"	4	1
301	21	39	3	-9	"O"	"K"	4	1
301	2	26	3	-9	"O"	"K"	4	1
301	2	19	3	-9	"O"	"K"	4	1
301	2	29	3	-9	"O"	"K"	4	1
301	2	31	3	-9	"O"	"K"	4	1
301	2	15	3	-9	"O"	"K"	4	1
301	1	11	3	-9	"O"	"K"	4	1
301	1	13	3	-9	"O"	"K"	4	1
301	1	15	3	-9	"O"	"K"	4	1
301	1	9	3	-9	"O"	"K"	4	1
301	1	16	3	-9	"O"	"K"	4	1
309	16	62	3	-9	"O"	"K"	4	1
309	16	104	3	-9	"O"	"K"	4	1
309	16	52	3	-9	"O"	"K"	4	1
309	16	44	3	-9	"O"	"K"	4	1
309	16	46	3	-9	"O"	"K"	4	1
309	6	41	3	-9	"O"	"K"	4	1
309	6	62	3	-9	"O"	"K"	4	1
309	6	47	3	-9	"O"	"K"	4	1
309	6	54	3	-9	"O"	"K"	4	1
309	6	40	3	-9	"O"	"K"	4	1
309	11	21	3	-9	"O"	"K"	4	1
309	11	29	3	-9	"O"	"K"	4	1
309	11	19	3	-9	"O"	"K"	4	1
309	11	25	3	-9	"O"	"K"	4	1
309	11	89	3	-9	"O"	"K"	4	1
309	17	46	3	-9	"O"	"K"	4	1
309	17	38	3	-9	"O"	"K"	4	1
309	17	40	3	-9	"O"	"K"	4	1
309	17	31	3	-9	"O"	"K"	4	1
309	17	33	3	-9	"O"	"K"	4	1
317	5	29	1	-9	"O"	"K"	3	1
317	5	28	1	-9	"O"	"K"	3	1
317	5	16	1	-9	"O"	"K"	3	1
317	5	28	1	-9	"O"	"K"	3	1
317	5	26	1	-9	"O"	"K"	3	1
317	3	70	1	-9	"O"	"K"	3	1
317	3	65	1	-9	"O"	"K"	3	1
317	3	53	1	-9	"O"	"K"	3	1
317	3	89	1	-9	"O"	"K"	3	1
317	3	96	1	-9	"O"	"K"	3	1
317	4	42	1	-9	"O"	"K"	3	1
317	4	63	1	-9	"O"	"K"	3	1
317	4	72	1	-9	"O"	"K"	3	1
317	4	35	1	-9	"O"	"K"	3	1
317	4	60	1	-9	"O"	"K"	3	1
317	1	79	1	-9	"O"	"K"	3	1
317	1	85	1	-9	"O"	"K"	3	1
317	1	88	1	-9	"O"	"K"	3	1
317	1	78	1	-9	"O"	"K"	3	1
317	10	123	1	-9	"O"	"K"	3	1
317	10	135	1	-9	"O"	"K"	3	1
317	10	128	1	-9	"O"	"K"	3	1
317	10	130	1	-9	"O"	"K"	3	1
302	2	119	4	-9	"O"	"K"	4	2
302	2	152	4	-9	"O"	"K"	4	2
302	2	163	4	-9	"O"	"K"	4	2
302	2	161	4	-9	"O"	"K"	4	2
302	2	163	4	-9	"O"	"K"	4	2
302	1	60	4	-9	"O"	"K"	4	2
302	1	22	4	-9	"O"	"K"	4	2
302	1	25	4	-9	"O"	"K"	4	2
302	1	25	4	-9	"O"	"K"	4	2
302	1	50	4	-9	"O"	"K"	4	2
302	4	184	4	-9	"O"	"K"	4	2
302	4	159	4	-9	"O"	"K"	4	2
302	4	147	4	-9	"O"	"K"	4	2
302	4	190	4	-9	"O"	"K"	4	2
302	4	187	4	-9	"O"	"K"	4	2
303	11	9	3	-9	"O"	"O"	4	3
303	11	26	3	-9	"O"	"O"	4	3
303	11	34	3	-9	"O"	"O"	4	3
303	11	24	3	-9	"O"	"O"	4	3
303	11	15	3	-9	"O"	"O"	4	3
303	3	102	3	-9	"O"	"O"	4	3
303	3	111	3	-9	"O"	"O"	4	3
303	3	131	3	-9	"O"	"O"	4	3
303	3	140	3	-9	"O"	"O"	4	3
303	3	127	3	-9	"O"	"O"	4	3
303	19	103	3	-9	"O"	"O"	4	3
303	19	112	3	-9	"O"	"O"	4	3
303	19	91	3	-9	"O"	"O"	4	3
303	19	120	3	-9	"O"	"O"	4	3
303	19	115	3	-9	"O"	"O"	4	3
303	21	68	3	-9	"O"	"O"	4	3
303	21	71	3	-9	"O"	"O"	4	3
303	21	101	3	-9	"O"	"O"	4	3
303	21	82	3	-9	"O"	"O"	4	3
303	21	102	3	-9	"O"	"O"	4	3
303	10	118	3	-9	"O"	"O"	4	3
303	10	122	3	-9	"O"	"O"	4	3
303	10	125	3	-9	"O"	"O"	4	3
303	10	81	3	-9	"O"	"O"	4	3
303	10	110	3	-9	"O"	"O"	4	3
310	6	9	3	-9	"O"	"O"	4	3
310	6	14	3	-9	"O"	"O"	4	3
310	6	8	3	-9	"O"	"O"	4	3
310	6	11	3	-9	"O"	"O"	4	3
310	6	8	3	-9	"O"	"O"	4	3
310	9	26	3	-9	"O"	"O"	4	3
310	9	35	3	-9	"O"	"O"	4	3
310	9	14	3	-9	"O"	"O"	4	3
310	9	30	3	-9	"O"	"O"	4	3
310	9	27	3	-9	"O"	"O"	4	3
310	8	10	3	-9	"O"	"O"	4	3
310	8	12	3	-9	"O"	"O"	4	3
310	8	28	3	-9	"O"	"O"	4	3
310	8	7	3	-9	"O"	"O"	4	3
310	8	29	3	-9	"O"	"O"	4	3
310	16	138	3	-9	"O"	"O"	4	3
310	16	146	3	-9	"O"	"O"	4	3
310	16	151	3	-9	"O"	"O"	4	3
310	16	152	3	-9	"O"	"O"	4	3
310	16	154	3	-9	"O"	"O"	4	3
310	2	165	3	-9	"O"	"O"	4	3
310	2	151	3	-9	"O"	"O"	4	3
310	2	149	3	-9	"O"	"O"	4	3
310	2	153	3	-9	"O"	"O"	4	3
310	2	155	3	-9	"O"	"O"	4	3
318	4	4	3	-9	"z"	"z"	"z"	"z"
318	4	3	3	-9	"z"	"z"	"z"	"z"
318	4	5	3	-9	"z"	"z"	"z"	"z"
318	4	3	3	-9	"z"	"z"	"z"	"z"
318	4	6	3	-9	"z"	"z"	"z"	"z"
318	11	7	3	-9	"z"	"z"	"z"	"z"
318	11	3	3	-9	"z"	"z"	"z"	"z"
318	11	8	3	-9	"z"	"z"	"z"	"z"
318	11	4	3	-9	"z"	"z"	"z"	"z"
318	11	8	3	-9	"z"	"z"	"z"	"z"
318	3	11	3	-9	"z"	"z"	"z"	"z"
318	3	2	3	-9	"z"	"z"	"z"	"z"
318	3	14	3	-9	"z"	"z"	"z"	"z"
318	3	37	3	-9	"z"	"z"	"z"	"z"
318	3	28	3	-9	"z"	"z"	"z"	"z"
318	10	16	3	-9	"z"	"z"	"z"	"z"
318	10	5	3	-9	"z"	"z"	"z"	"z"
318	10	4	3	-9	"z"	"z"	"z"	"z"
318	10	12	3	-9	"z"	"z"	"z"	"z"
318	10	2	3	-9	"z"	"z"	"z"	"z"
318	8	1	3	-9	"z"	"z"	"z"	"z"
318	8	6	3	-9	"z"	"z"	"z"	"z"
318	8	22	3	-9	"z"	"z"	"z"	"z"
318	8	3	3	-9	"z"	"z"	"z"	"z"
318	8	17	3	-9	"z"	"z"	"z"	"z"
311	7	13	3	-9	"O"	"K"	4	1
311	7	28	3	-9	"O"	"K"	4	1
311	7	4	3	-9	"O"	"K"	4	1
311	7	12	3	-9	"O"	"K"	4	1
311	7	22	3	-9	"O"	"K"	4	1
311	1	2	3	-9	"O"	"K"	4	1
311	1	7	3	-9	"O"	"K"	4	1
311	1	20	3	-9	"O"	"K"	4	1
311	1	2	3	-9	"O"	"K"	4	1
311	1	22	3	-9	"O"	"K"	4	1
311	10	2	3	-9	"O"	"K"	4	1
311	10	8	3	-9	"O"	"K"	4	1
311	10	5	3	-9	"O"	"K"	4	1
311	10	1	3	-9	"O"	"K"	4	1
311	10	6	3	-9	"O"	"K"	4	1
311	6	31	3	-9	"O"	"K"	4	1
311	6	15	3	-9	"O"	"K"	4	1
311	6	10	3	-9	"O"	"K"	4	1
311	6	5	3	-9	"O"	"K"	4	1
311	9	21	3	-9	"O"	"K"	4	1
311	9	12	3	-9	"O"	"K"	4	1
311	9	6	3	-9	"O"	"K"	4	1
311	9	30	3	-9	"O"	"K"	4	1
311	9	17	3	-9	"O"	"K"	4	1
304	48	99	4	-9	"O"	"M"	4	2
304	48	196	4	-9	"O"	"M"	4	2
304	48	200	4	-9	"O"	"M"	4	2
304	48	200	4	-9	"O"	"M"	4	2
304	48	197	4	-9	"O"	"M"	4	2
304	20	181	4	-9	"O"	"M"	4	2
304	20	194	4	-9	"O"	"M"	4	2
304	20	185	4	-9	"O"	"M"	4	2
304	2	198	4	-9	"O"	"M"	4	2
304	2	189	4	-9	"O"	"M"	4	2
304	2	193	4	-9	"O"	"M"	4	2
304	2	193	4	-9	"O"	"M"	4	2
304	2	198	4	-9	"O"	"M"	4	2
304	33	200	4	-9	"O"	"M"	4	2
304	33	200	4	-9	"O"	"M"	4	2
304	33	199	4	-9	"O"	"M"	4	2
304	33	197	4	-9	"O"	"M"	4	2
304	33	198	4	-9	"O"	"M"	4	2
305	22	6	3	-9	"O"	"O"	4	3
305	22	6	3	-9	"O"	"O"	4	3
305	22	1	3	-9	"O"	"O"	4	3
305	25	1	3	-9	"O"	"O"	4	3
305	25	11	3	-9	"O"	"O"	4	3
305	25	13	3	-9	"O"	"O"	4	3
305	25	13	3	-9	"O"	"O"	4	3
305	25	22	3	-9	"O"	"O"	4	3
305	8	63	3	-9	"O"	"O"	4	3
305	8	66	3	-9	"O"	"O"	4	3
305	8	75	3	-9	"O"	"O"	4	3
305	8	81	3	-9	"O"	"O"	4	3
305	14	57	3	-9	"O"	"O"	4	3
305	14	59	3	-9	"O"	"O"	4	3
305	14	68	3	-9	"O"	"O"	4	3
305	14	59	3	-9	"O"	"O"	4	3
305	14	77	3	-9	"O"	"O"	4	3
305	21	73	3	-9	"O"	"O"	4	3
305	21	72	3	-9	"O"	"O"	4	3
305	21	66	3	-9	"O"	"O"	4	3
305	21	54	3	-9	"O"	"O"	4	3
305	21	61	3	-9	"O"	"O"	4	3
319	11	20	3	-9	"O"	"O"	4	3
319	11	64	3	-9	"O"	"O"	4	3
319	11	8	3	-9	"O"	"O"	4	3
319	11	12	3	-9	"O"	"O"	4	3
319	11	15	3	-9	"O"	"O"	4	3
319	9	10	3	-9	"O"	"O"	4	3
319	9	15	3	-9	"O"	"O"	4	3
319	9	13	3	-9	"O"	"O"	4	3
319	9	11	3	-9	"O"	"O"	4	3
319	9	9	3	-9	"O"	"O"	4	3
319	4	84	3	-9	"O"	"O"	4	3
319	4	53	3	-9	"O"	"O"	4	3
319	4	44	3	-9	"O"	"O"	4	3
319	4	50	3	-9	"O"	"O"	4	3
319	4	105	3	-9	"O"	"O"	4	3
319	1	38	3	-9	"O"	"O"	4	3
319	1	37	3	-9	"O"	"O"	4	3
319	1	71	3	-9	"O"	"O"	4	3
319	1	53	3	-9	"O"	"O"	4	3
319	1	62	3	-9	"O"	"O"	4	3
319	6	90	3	-9	"O"	"O"	4	3
319	6	120	3	-9	"O"	"O"	4	3
319	6	143	3	-9	"O"	"O"	4	3
319	6	139	3	-9	"O"	"O"	4	3
319	6	148	3	-9	"O"	"O"	4	3
323	17	154	2	-9	"N"	"O"	1	4
323	17	156	2	-9	"N"	"O"	1	4
323	17	155	2	-9	"N"	"O"	1	4
323	17	157	2	-9	"N"	"O"	1	4
323	17	157	2	-9	"N"	"O"	1	4
323	13	66	2	-9	"N"	"O"	1	4
323	13	70	2	-9	"N"	"O"	1	4
323	13	70	2	-9	"N"	"O"	1	4
323	13	75	2	-9	"N"	"O"	1	4
323	13	76	2	-9	"N"	"O"	1	4
323	8	116	2	-9	"N"	"O"	1	4
323	8	132	2	-9	"N"	"O"	1	4
323	8	119	2	-9	"N"	"O"	1	4
323	8	118	2	-9	"N"	"O"	1	4
323	8	109	2	-9	"N"	"O"	1	4
324	4	51	1	-9	"N"	"O"	1	3
324	4	81	1	-9	"N"	"O"	1	3
324	4	54	1	-9	"N"	"O"	1	3
324	4	74	1	-9	"N"	"O"	1	3
324	4	71	1	-9	"N"	"O"	1	3
324	1	43	1	-9	"N"	"O"	1	3
324	1	31	1	-9	"N"	"O"	1	3
324	1	52	1	-9	"N"	"O"	1	3
324	1	41	1	-9	"N"	"O"	1	3
324	1	58	1	-9	"N"	"O"	1	3
324	13	7	1	-9	"N"	"O"	1	3
324	13	5	1	-9	"N"	"O"	1	3
324	13	1	1	-9	"N"	"O"	1	3
324	13	5	1	-9	"N"	"O"	1	3
324	13	6	1	-9	"N"	"O"	1	3
324	11	1	1	-9	"N"	"O"	1	3
324	11	0	1	-9	"N"	"O"	1	3
324	11	0	1	-9	"N"	"O"	1	3
324	11	2	1	-9	"N"	"O"	1	3
324	11	0	1	-9	"N"	"O"	1	3
324	6	22	1	-9	"N"	"O"	1	3
324	6	17	1	-9	"N"	"O"	1	3
324	6	29	1	-9	"N"	"O"	1	3
324	6	0	1	-9	"N"	"O"	1	3
324	6	27	1	-9	"N"	"O"	1	3
312	10	190	3	-9	"O"	"K"	4	1
312	10	174	3	-9	"O"	"K"	4	1
312	10	187	3	-9	"O"	"K"	4	1
312	10	193	3	-9	"O"	"K"	4	1
312	10	192	3	-9	"O"	"K"	4	1
312	9	197	3	-9	"O"	"K"	4	1
312	9	199	3	-9	"O"	"K"	4	1
312	9	196	3	-9	"O"	"K"	4	1
312	9	200	3	-9	"O"	"K"	4	1
312	9	198	3	-9	"O"	"K"	4	1
312	1	196	3	-9	"O"	"K"	4	1
312	1	200	3	-9	"O"	"K"	4	1
312	1	194	3	-9	"O"	"K"	4	1
312	1	198	3	-9	"O"	"K"	4	1
312	1	191	3	-9	"O"	"K"	4	1
306	6	124	3	-9	"O"	"M"	4	4
306	6	187	3	-9	"O"	"M"	4	4
306	6	159	3	-9	"O"	"M"	4	4
306	6	198	3	-9	"O"	"M"	4	4
306	6	189	3	-9	"O"	"M"	4	4
306	17	183	3	-9	"O"	"M"	4	4
306	17	193	3	-9	"O"	"M"	4	4
306	17	193	3	-9	"O"	"M"	4	4
306	17	196	3	-9	"O"	"M"	4	4
306	17	192	3	-9	"O"	"M"	4	4
306	5	196	3	-9	"O"	"M"	4	4
306	5	195	3	-9	"O"	"M"	4	4
306	5	188	3	-9	"O"	"M"	4	4
306	5	190	3	-9	"O"	"M"	4	4
306	5	194	3	-9	"O"	"M"	4	4
306	2	177	3	-9	"O"	"M"	4	4
306	10	195	3	-9	"O"	"M"	4	4
306	10	189	3	-9	"O"	"M"	4	4
306	10	196	3	-9	"O"	"M"	4	4
306	10	187	3	-9	"O"	"M"	4	4
320	3	74	3	-9	"O"	"N"	4	1
320	3	58	3	-9	"O"	"N"	4	1
320	3	85	3	-9	"O"	"N"	4	1
320	3	68	3	-9	"O"	"N"	4	1
320	3	56	3	-9	"O"	"N"	4	1
320	6	29	3	-9	"O"	"N"	4	1
320	6	19	3	-9	"O"	"N"	4	1
320	6	21	3	-9	"O"	"N"	4	1
320	6	36	3	-9	"O"	"N"	4	1
320	6	18	3	-9	"O"	"N"	4	1
320	9	46	3	-9	"O"	"N"	4	1
320	9	51	3	-9	"O"	"N"	4	1
320	9	55	3	-9	"O"	"N"	4	1
320	9	23	3	-9	"O"	"N"	4	1
320	9	38	3	-9	"O"	"N"	4	1
320	8	26	3	-9	"O"	"N"	4	1
320	8	12	3	-9	"O"	"N"	4	1
320	8	12	3	-9	"O"	"N"	4	1
320	8	21	3	-9	"O"	"N"	4	1
320	8	15	3	-9	"O"	"N"	4	1
321	1	194	4	-9	"O"	"K"	4	2
321	1	199	4	-9	"O"	"K"	4	2
321	1	198	4	-9	"O"	"K"	4	2
321	1	193	4	-9	"O"	"K"	4	2
321	1	195	4	-9	"O"	"K"	4	2
313	18	37	3	-9	"O"	"O"	4	3
313	18	33	3	-9	"O"	"O"	4	3
313	18	49	3	-9	"O"	"O"	4	3
313	18	43	3	-9	"O"	"O"	4	3
313	18	32	3	-9	"O"	"O"	4	3
313	17	29	3	-9	"O"	"O"	4	3
313	17	36	3	-9	"O"	"O"	4	3
313	17	23	3	-9	"O"	"O"	4	3
313	17	20	3	-9	"O"	"O"	4	3
313	17	24	3	-9	"O"	"O"	4	3
313	10	20	3	-9	"O"	"O"	4	3
313	10	23	3	-9	"O"	"O"	4	3
313	10	26	3	-9	"O"	"O"	4	3
313	2	36	3	-9	"O"	"O"	4	3
313	2	46	3	-9	"O"	"O"	4	3
313	2	41	3	-9	"O"	"O"	4	3
313	2	51	3	-9	"O"	"O"	4	3
313	2	28	3	-9	"O"	"O"	4	3
313	11	27	3	-9	"O"	"O"	4	3
313	11	21	3	-9	"O"	"O"	4	3
313	11	36	3	-9	"O"	"O"	4	3
313	11	32	3	-9	"O"	"O"	4	3
313	11	25	3	-9	"O"	"O"	4	3
314	24	4	3	-9	"O"	"O"	4	3
314	24	6	3	-9	"O"	"O"	4	3
314	24	2	3	-9	"O"	"O"	4	3
314	24	5	3	-9	"O"	"O"	4	3
314	24	12	3	-9	"O"	"O"	4	3
314	7	45	3	-9	"O"	"O"	4	3
314	7	46	3	-9	"O"	"O"	4	3
314	7	40	3	-9	"O"	"O"	4	3
314	7	49	3	-9	"O"	"O"	4	3
314	7	27	3	-9	"O"	"O"	4	3
314	19	76	3	-9	"O"	"O"	4	3
314	19	99	3	-9	"O"	"O"	4	3
314	19	129	3	-9	"O"	"O"	4	3
314	19	100	3	-9	"O"	"O"	4	3
314	19	94	3	-9	"O"	"O"	4	3
314	12	90	3	-9	"O"	"O"	4	3
314	12	78	3	-9	"O"	"O"	4	3
314	12	74	3	-9	"O"	"O"	4	3
314	12	102	3	-9	"O"	"O"	4	3
314	12	111	3	-9	"O"	"O"	4	3
314	21	96	3	-9	"O"	"O"	4	3
314	21	69	3	-9	"O"	"O"	4	3
314	21	95	3	-9	"O"	"O"	4	3
314	21	81	3	-9	"O"	"O"	4	3
314	21	98	3	-9	"O"	"O"	4	3
328	1	39	1	-9	"K"	"N"	4	4
328	1	32	1	-9	"K"	"N"	4	4
328	1	52	1	-9	"K"	"N"	4	4
328	1	34	1	-9	"K"	"N"	4	4
328	1	50	1	-9	"K"	"N"	4	4
328	5	160	1	-9	"K"	"N"	4	4
328	5	149	1	-9	"K"	"N"	4	4
328	5	142	1	-9	"K"	"N"	4	4
328	5	162	1	-9	"K"	"N"	4	4
315	1	190	3	-9	"O"	"M"	4	4
315	1	187	3	-9	"O"	"M"	4	4
315	1	196	3	-9	"O"	"M"	4	4
315	1	198	3	-9	"O"	"M"	4	4
315	1	189	3	-9	"O"	"M"	4	4
315	3	190	3	-9	"O"	"M"	4	4
315	3	194	3	-9	"O"	"M"	4	4
315	3	187	3	-9	"O"	"M"	4	4
315	3	188	3	-9	"O"	"M"	4	4
315	3	170	3	-9	"O"	"M"	4	4
315	14	196	3	-9	"O"	"M"	4	4
315	14	180	3	-9	"O"	"M"	4	4
315	14	191	3	-9	"O"	"M"	4	4
315	14	195	3	-9	"O"	"M"	4	4
315	14	198	3	-9	"O"	"M"	4	4
315	7	44	3	-9	"O"	"M"	4	4
315	7	37	3	-9	"O"	"M"	4	4
315	7	79	3	-9	"O"	"M"	4	4
315	7	81	3	-9	"O"	"M"	4	4
315	7	30	3	-9	"O"	"M"	4	4
315	4	197	3	-9	"O"	"M"	4	4
315	4	194	3	-9	"O"	"M"	4	4
315	4	199	3	-9	"O"	"M"	4	4
315	4	200	3	-9	"O"	"M"	4	4
325	2	24	2	-9	"N"	"O"	1	4
325	2	48	2	-9	"N"	"O"	1	4
325	2	43	2	-9	"N"	"O"	1	4
325	2	50	2	-9	"N"	"O"	1	4
325	2	39	2	-9	"N"	"O"	1	4
325	9	70	2	-9	"N"	"O"	1	4
325	9	67	2	-9	"N"	"O"	1	4
325	9	125	2	-9	"N"	"O"	1	4
325	9	62	2	-9	"N"	"O"	1	4
325	9	53	2	-9	"N"	"O"	1	4
325	19	38	2	-9	"N"	"O"	1	4
325	19	34	2	-9	"N"	"O"	1	4
325	19	36	2	-9	"N"	"O"	1	4
325	19	25	2	-9	"N"	"O"	1	4
325	19	37	2	-9	"N"	"O"	1	4
325	5	78	2	-9	"N"	"O"	1	4
325	5	60	2	-9	"N"	"O"	1	4
325	5	81	2	-9	"N"	"O"	1	4
325	5	54	2	-9	"N"	"O"	1	4
325	5	77	2	-9	"N"	"O"	1	4
325	10	71	2	-9	"N"	"O"	1	4
325	10	57	2	-9	"N"	"O"	1	4
325	10	61	2	-9	"N"	"O"	1	4
325	10	40	2	-9	"N"	"O"	1	4
325	10	64	2	-9	"N"	"O"	1	4
329	11	6	2	-9	"K"	"O"	1	4
329	11	2	2	-9	"K"	"O"	1	4
329	11	5	2	-9	"K"	"O"	1	4
329	11	5	2	-9	"K"	"O"	1	4
329	8	20	2	-9	"K"	"O"	1	4
329	8	27	2	-9	"K"	"O"	1	4
329	8	25	2	-9	"K"	"O"	1	4
329	8	29	2	-9	"K"	"O"	1	4
329	8	23	2	-9	"K"	"O"	1	4
329	3	12	2	-9	"K"	"O"	1	4
329	3	16	2	-9	"K"	"O"	1	4
329	3	6	2	-9	"K"	"O"	1	4
329	3	23	2	-9	"K"	"O"	1	4
329	3	14	2	-9	"K"	"O"	1	4
329	5	13	2	-9	"K"	"O"	1	4
329	5	9	2	-9	"K"	"O"	1	4
329	5	13	2	-9	"K"	"O"	1	4
329	5	18	2	-9	"K"	"O"	1	4
329	5	4	2	-9	"K"	"O"	1	4
329	6	2	2	-9	"K"	"O"	1	4
329	6	22	2	-9	"K"	"O"	1	4
329	6	15	2	-9	"K"	"O"	1	4
329	6	11	2	-9	"K"	"O"	1	4
329	6	25	2	-9	"K"	"O"	1	4
307	7	138	4	-9	"O"	"K"	4	4
307	7	129	4	-9	"O"	"K"	4	4
307	7	147	4	-9	"O"	"K"	4	4
307	7	137	4	-9	"O"	"K"	4	4
307	7	151	4	-9	"O"	"K"	4	4
307	6	180	4	-9	"O"	"K"	4	4
307	6	165	4	-9	"O"	"K"	4	4
307	6	192	4	-9	"O"	"K"	4	4
307	6	186	4	-9	"O"	"K"	4	4
307	6	192	4	-9	"O"	"K"	4	4
316	1	8	3	-9	"O"	"K"	4	1
316	1	7	3	-9	"O"	"K"	4	1
316	1	11	3	-9	"O"	"K"	4	1
316	1	21	3	-9	"O"	"K"	4	1
316	1	5	3	-9	"O"	"K"	4	1
316	2	31	3	-9	"O"	"K"	4	1
316	2	22	3	-9	"O"	"K"	4	1
316	2	15	3	-9	"O"	"K"	4	1
316	2	18	3	-9	"O"	"K"	4	1
316	2	21	3	-9	"O"	"K"	4	1
316	4	10	3	-9	"O"	"K"	4	1
316	4	15	3	-9	"O"	"K"	4	1
316	4	18	3	-9	"O"	"K"	4	1
316	5	17	3	-9	"O"	"K"	4	1
316	5	21	3	-9	"O"	"K"	4	1
316	5	14	3	-9	"O"	"K"	4	1
316	5	10	3	-9	"O"	"K"	4	1
316	5	22	3	-9	"O"	"K"	4	1
308	12	12	3	-9	"O"	"K"	4	1
308	12	5	3	-9	"O"	"K"	4	1
308	12	11	3	-9	"O"	"K"	4	1
308	12	17	3	-9	"O"	"K"	4	1
308	15	20	3	-9	"O"	"K"	4	1
308	15	21	3	-9	"O"	"K"	4	1
308	15	5	3	-9	"O"	"K"	4	1
308	15	11	3	-9	"O"	"K"	4	1
308	15	7	3	-9	"O"	"K"	4	1
308	4	17	3	-9	"O"	"K"	4	1
308	4	22	3	-9	"O"	"K"	4	1
308	4	14	3	-9	"O"	"K"	4	1
308	4	8	3	-9	"O"	"K"	4	1
308	4	21	3	-9	"O"	"K"	4	1
308	7	10	3	-9	"O"	"K"	4	1
308	7	7	3	-9	"O"	"K"	4	1
308	1	5	3	-9	"O"	"K"	4	1
308	1	3	3	-9	"O"	"K"	4	1
308	1	16	3	-9	"O"	"K"	4	1
308	1	11	3	-9	"O"	"K"	4	1
308	1	9	3	-9	"O"	"K"	4	1
322	19	192	3	-9	"O"	"M"	4	4
322	19	194	3	-9	"O"	"M"	4	4
322	19	196	3	-9	"O"	"M"	4	4
322	19	191	3	-9	"O"	"M"	4	4
322	19	192	3	-9	"O"	"M"	4	4
322	14	173	3	-9	"O"	"M"	4	4
322	14	139	3	-9	"O"	"M"	4	4
322	14	126	3	-9	"O"	"M"	4	4
322	14	162	3	-9	"O"	"M"	4	4
322	14	155	3	-9	"O"	"M"	4	4
322	20	20	3	-9	"O"	"M"	4	4
322	20	16	3	-9	"O"	"M"	4	4
322	20	41	3	-9	"O"	"M"	4	4
322	20	7	3	-9	"O"	"M"	4	4
322	20	11	3	-9	"O"	"M"	4	4
322	15	187	3	-9	"O"	"M"	4	4
322	15	179	3	-9	"O"	"M"	4	4
322	15	184	3	-9	"O"	"M"	4	4
322	15	155	3	-9	"O"	"M"	4	4
322	15	142	3	-9	"O"	"M"	4	4
322	23	160	3	-9	"O"	"M"	4	4
322	23	163	3	-9	"O"	"M"	4	4
322	23	181	3	-9	"O"	"M"	4	4
322	23	185	3	-9	"O"	"M"	4	4
330	7	19	2	-9	"K"	"O"	1	4
330	7	20	2	-9	"K"	"O"	1	4
330	7	13	2	-9	"K"	"O"	1	4
330	7	30	2	-9	"K"	"O"	1	4
330	7	17	2	-9	"K"	"O"	1	4
326	4	146	1	-9	"N"	"N"	1	1
326	4	133	1	-9	"N"	"N"	1	1
326	4	147	1	-9	"N"	"N"	1	1
326	4	130	1	-9	"N"	"N"	1	1
327	2	62	2	-9	"N"	"M"	1	2
327	2	54	2	-9	"N"	"M"	1	2
327	2	48	2	-9	"N"	"M"	1	2
327	2	51	2	-9	"N"	"M"	1	2
327	2	31	2	-9	"N"	"M"	1	2
327	5	37	2	-9	"N"	"M"	1	2
327	5	56	2	-9	"N"	"M"	1	2
327	5	47	2	-9	"N"	"M"	1	2
327	5	58	2	-9	"N"	"M"	1	2
327	5	64	2	-9	"N"	"M"	1	2
327	16	51	2	-9	"N"	"M"	1	2
327	16	69	2	-9	"N"	"M"	1	2
327	16	31	2	-9	"N"	"M"	1	2
327	16	53	2	-9	"N"	"M"	1	2
327	16	46	2	-9	"N"	"M"	1	2
327	14	85	2	-9	"N"	"M"	1	2
327	14	63	2	-9	"N"	"M"	1	2
327	14	72	2	-9	"N"	"M"	1	2
327	14	90	2	-9	"N"	"M"	1	2
327	14	88	2	-9	"N"	"M"	1	2
327	11	61	2	-9	"N"	"M"	1	2
327	11	60	2	-9	"N"	"M"	1	2
327	11	78	2	-9	"N"	"M"	1	2
327	11	27	2	-9	"N"	"M"	1	2
327	11	38	2	-9	"N"	"M"	1	2
331	10	5	2	-9	"K"	"O"	1	4
331	10	2	2	-9	"K"	"O"	1	4
331	10	4	2	-9	"K"	"O"	1	4
331	10	0	2	-9	"K"	"O"	1	4
331	10	1	2	-9	"K"	"O"	1	4
331	6	14	2	-9	"K"	"O"	1	4
331	6	32	2	-9	"K"	"O"	1	4
331	6	21	2	-9	"K"	"O"	1	4
331	6	15	2	-9	"K"	"O"	1	4
331	6	18	2	-9	"K"	"O"	1	4
331	17	26	2	-9	"K"	"O"	1	4
331	17	17	2	-9	"K"	"O"	1	4
331	17	8	2	-9	"K"	"O"	1	4
331	17	14	2	-9	"K"	"O"	1	4
331	17	15	2	-9	"K"	"O"	1	4
332	3	13	2	-9	"K"	"O"	1	4
332	3	17	2	-9	"K"	"O"	1	4
332	3	28	2	-9	"K"	"O"	1	4
332	3	11	2	-9	"K"	"O"	1	4
332	3	9	2	-9	"K"	"O"	1	4
332	2	2	2	-9	"K"	"O"	1	4
332	2	5	2	-9	"K"	"O"	1	4
332	2	7	2	-9	"K"	"O"	1	4
332	2	11	2	-9	"K"	"O"	1	4
332	2	4	2	-9	"K"	"O"	1	4
108	29	190	4	-9	"O"	"M"	4	2
108	29	186	4	-9	"O"	"M"	4	2
108	29	193	4	-9	"O"	"M"	4	2
108	29	189	4	-9	"O"	"M"	4	2
108	29	185	4	-9	"O"	"M"	4	2
108	9	176	4	-9	"O"	"M"	4	2
108	9	128	4	-9	"O"	"M"	4	2
108	9	150	4	-9	"O"	"M"	4	2
108	9	158	4	-9	"O"	"M"	4	2
108	9	154	4	-9	"O"	"M"	4	2
108	17	174	4	-9	"O"	"M"	4	2
108	17	179	4	-9	"O"	"M"	4	2
108	17	198	4	-9	"O"	"M"	4	2
108	17	190	4	-9	"O"	"M"	4	2
108	17	191	4	-9	"O"	"M"	4	2
108	20	173	4	-9	"O"	"M"	4	2
108	20	164	4	-9	"O"	"M"	4	2
108	20	168	4	-9	"O"	"M"	4	2
108	20	167	4	-9	"O"	"M"	4	2
108	20	189	4	-9	"O"	"M"	4	2
45	28	173	4	-9	"O"	"O"	2	4
45	28	174	4	-9	"O"	"O"	2	4
45	28	185	4	-9	"O"	"O"	2	4
45	28	165	4	-9	"O"	"O"	2	4
45	28	178	4	-9	"O"	"O"	2	4
45	30	172	4	-9	"O"	"O"	2	4
45	30	168	4	-9	"O"	"O"	2	4
45	30	181	4	-9	"O"	"O"	2	4
45	30	184	4	-9	"O"	"O"	2	4
45	30	168	4	-9	"O"	"O"	2	4
45	2	184	4	-9	"O"	"O"	2	4
45	2	184	4	-9	"O"	"O"	2	4
45	2	183	4	-9	"O"	"O"	2	4
45	2	189	4	-9	"O"	"O"	2	4
45	2	187	4	-9	"O"	"O"	2	4
407	10	190	4	-9	"O"	"O"	4	2
407	10	186	4	-9	"O"	"O"	4	2
407	10	192	4	-9	"O"	"O"	4	2
407	10	187	4	-9	"O"	"O"	4	2
407	17	179	4	-9	"O"	"O"	4	2
407	17	178	4	-9	"O"	"O"	4	2
407	17	175	4	-9	"O"	"O"	4	2
407	17	179	4	-9	"O"	"O"	4	2
407	17	177	4	-9	"O"	"O"	4	2
407	2	128	4	-9	"O"	"O"	4	2
407	2	149	4	-9	"O"	"O"	4	2
407	2	97	4	-9	"O"	"O"	4	2
407	2	148	4	-9	"O"	"O"	4	2
407	2	129	4	-9	"O"	"O"	4	2
407	21	183	4	-9	"O"	"O"	4	2
407	21	176	4	-9	"O"	"O"	4	2
407	21	178	4	-9	"O"	"O"	4	2
407	21	191	4	-9	"O"	"O"	4	2
407	21	196	4	-9	"O"	"O"	4	2
443	25	84	4	-9	"O"	"K"	2	2
443	25	105	4	-9	"O"	"K"	2	2
443	25	89	4	-9	"O"	"K"	2	2
443	25	92	4	-9	"O"	"K"	2	2
443	25	89	4	-9	"O"	"K"	2	2
443	15	88	4	-9	"O"	"K"	2	2
443	15	96	4	-9	"O"	"K"	2	2
443	15	67	4	-9	"O"	"K"	2	2
443	15	70	4	-9	"O"	"K"	2	2
443	15	66	4	-9	"O"	"K"	2	2
427	1	94	3	-9	"K"	"K"	4	1
427	1	87	3	-9	"K"	"K"	4	1
427	1	85	3	-9	"K"	"K"	4	1
427	1	87	3	-9	"K"	"K"	4	1
427	1	70	3	-9	"K"	"K"	4	1
443	20	81	4	-9	"O"	"K"	2	2
443	20	85	4	-9	"O"	"K"	2	2
443	20	96	4	-9	"O"	"K"	2	2
443	20	91	4	-9	"O"	"K"	2	2
443	20	7	4	-9	"O"	"K"	2	2
443	22	69	4	-9	"O"	"K"	2	2
443	22	87	4	-9	"O"	"K"	2	2
443	22	77	4	-9	"O"	"K"	2	2
443	22	80	4	-9	"O"	"K"	2	2
443	22	80	4	-9	"O"	"K"	2	2
443	16	85	4	-9	"O"	"K"	2	2
443	16	75	4	-9	"O"	"K"	2	2
443	16	66	4	-9	"O"	"K"	2	2
443	16	54	4	-9	"O"	"K"	2	2
443	16	72	4	-9	"O"	"K"	2	2
427	2	13	3	-9	"K"	"K"	4	1
427	2	59	3	-9	"K"	"K"	4	1
427	2	25	3	-9	"K"	"K"	4	1
427	2	46	3	-9	"K"	"K"	4	1
427	2	37	3	-9	"K"	"K"	4	1
437	1	184	3	-9	"O"	"O"	2	4
437	1	185	3	-9	"O"	"O"	2	4
437	1	180	3	-9	"O"	"O"	2	4
437	1	182	3	-9	"O"	"O"	2	4
437	1	164	3	-9	"O"	"O"	2	4
426	2	152	3	-9	"K"	"O"	4	4
426	2	181	3	-9	"K"	"O"	4	4
426	2	183	3	-9	"K"	"O"	4	4
426	2	188	3	-9	"K"	"O"	4	4
426	2	175	3	-9	"K"	"O"	4	4
426	1	34	3	-9	"K"	"O"	4	4
426	1	85	3	-9	"K"	"O"	4	4
426	1	181	3	-9	"K"	"O"	4	4
426	1	87	3	-9	"K"	"O"	4	4
426	1	168	3	-9	"K"	"O"	4	4
435	2	75	1	-9	"O"	"O"	4	3
435	2	91	1	-9	"O"	"O"	4	3
435	2	21	1	-9	"O"	"O"	4	3
435	2	74	1	-9	"O"	"O"	4	3
435	2	90	1	-9	"O"	"O"	4	3
430	2	108	4	-9	"K"	"O"	2	2
430	2	115	4	-9	"K"	"O"	2	2
430	2	102	4	-9	"K"	"O"	2	2
430	2	109	4	-9	"K"	"O"	2	2
430	2	97	4	-9	"K"	"O"	2	2
425	7	119	3	-9	"K"	"O"	4	3
425	7	102	3	-9	"K"	"O"	4	3
425	7	133	3	-9	"K"	"O"	4	3
425	7	125	3	-9	"K"	"O"	4	3
425	7	124	3	-9	"K"	"O"	4	3
410	9	42	3	-9	"O"	"K"	2	1
410	9	26	3	-9	"O"	"K"	2	1
410	9	30	3	-9	"O"	"K"	2	1
410	9	41	3	-9	"O"	"K"	2	1
410	9	41	3	-9	"O"	"K"	2	1
425	3	85	3	-9	"K"	"O"	4	3
425	3	106	3	-9	"K"	"O"	4	3
425	3	127	3	-9	"K"	"O"	4	3
425	3	98	3	-9	"K"	"O"	4	3
425	3	116	3	-9	"K"	"O"	4	3
425	1	130	3	-9	"K"	"O"	4	3
425	1	81	3	-9	"K"	"O"	4	3
425	1	104	3	-9	"K"	"O"	4	3
425	1	95	3	-9	"K"	"O"	4	3
425	1	113	3	-9	"K"	"O"	4	3
433	2	96	3	-9	"K"	"K"	2	1
433	2	200	3	-9	"K"	"K"	2	1
433	2	9	3	-9	"K"	"K"	2	1
433	2	63	3	-9	"K"	"K"	2	1
433	2	62	3	-9	"K"	"K"	2	1
425	4	27	3	-9	"K"	"O"	4	3
425	4	110	3	-9	"K"	"O"	4	3
425	4	101	3	-9	"K"	"O"	4	3
425	4	107	3	-9	"K"	"O"	4	3
425	4	32	3	-9	"K"	"O"	4	3
411	1	151	3	-9	"O"	"O"	2	3
411	1	147	3	-9	"O"	"O"	2	3
411	1	143	3	-9	"O"	"O"	2	3
411	1	127	3	-9	"O"	"O"	2	3
411	1	137	3	-9	"O"	"O"	2	3
411	5	155	3	-9	"O"	"O"	2	3
411	5	173	3	-9	"O"	"O"	2	3
411	5	147	3	-9	"O"	"O"	2	3
411	5	139	3	-9	"O"	"O"	2	3
411	5	145	3	-9	"O"	"O"	2	3
411	4	130	3	-9	"O"	"O"	2	3
411	4	153	3	-9	"O"	"O"	2	3
411	4	132	3	-9	"O"	"O"	2	3
411	4	131	3	-9	"O"	"O"	2	3
411	4	141	3	-9	"O"	"O"	2	3
411	3	156	3	-9	"O"	"O"	2	3
411	3	145	3	-9	"O"	"O"	2	3
411	3	162	3	-9	"O"	"O"	2	3
411	3	144	3	-9	"O"	"O"	2	3
411	3	129	3	-9	"O"	"O"	2	3
432	1	39	3	-9	"K"	"K"	2	1
432	1	54	3	-9	"K"	"K"	2	1
432	1	84	3	-9	"K"	"K"	2	1
432	1	14	3	-9	"K"	"K"	2	1
432	1	36	3	-9	"K"	"K"	2	1
406	14	45	3	-9	"O"	"O"	4	3
406	14	23	3	-9	"O"	"O"	4	3
406	14	63	3	-9	"O"	"O"	4	3
406	14	10	3	-9	"O"	"O"	4	3
406	14	23	3	-9	"O"	"O"	4	3
403	2	18	3	-9	"M"	"K"	2	1
403	2	23	3	-9	"M"	"K"	2	1
403	2	30	3	-9	"M"	"K"	2	1
403	2	17	3	-9	"M"	"K"	2	1
403	2	33	3	-9	"M"	"K"	2	1
406	11	46	3	-9	"O"	"O"	4	3
406	11	73	3	-9	"O"	"O"	4	3
406	11	60	3	-9	"O"	"O"	4	3
406	11	57	3	-9	"O"	"O"	4	3
406	11	66	3	-9	"O"	"O"	4	3
428	1	168	3	-9	"K"	"O"	4	4
428	1	188	3	-9	"K"	"O"	4	4
428	1	177	3	-9	"K"	"O"	4	4
428	1	176	3	-9	"K"	"O"	4	4
428	1	163	3	-9	"K"	"O"	4	4
436	2	73	3	-9	"O"	"N"	2	1
436	2	97	3	-9	"O"	"N"	2	1
436	2	13	3	-9	"O"	"N"	2	1
436	2	37	3	-9	"O"	"N"	2	1
436	2	50	3	-9	"O"	"N"	2	1
413	2	81	3	-9	"O"	"K"	2	1
413	2	89	3	-9	"O"	"K"	2	1
413	2	96	3	-9	"O"	"K"	2	1
413	2	97	3	-9	"O"	"K"	2	1
413	2	94	3	-9	"O"	"K"	2	1
413	4	27	3	-9	"O"	"K"	2	1
413	4	44	3	-9	"O"	"K"	2	1
413	4	46	3	-9	"O"	"K"	2	1
413	4	60	3	-9	"O"	"K"	2	1
413	4	50	3	-9	"O"	"K"	2	1
410	2	21	3	-9	"O"	"K"	2	1
410	2	35	3	-9	"O"	"K"	2	1
410	2	33	3	-9	"O"	"K"	2	1
410	2	25	3	-9	"O"	"K"	2	1
410	2	37	3	-9	"O"	"K"	2	1
410	5	47	3	-9	"O"	"K"	2	1
410	5	50	3	-9	"O"	"K"	2	1
410	5	39	3	-9	"O"	"K"	2	1
410	5	31	3	-9	"O"	"K"	2	1
410	5	56	3	-9	"O"	"K"	2	1
410	6	47	3	-9	"O"	"K"	2	1
410	6	35	3	-9	"O"	"K"	2	1
410	6	46	3	-9	"O"	"K"	2	1
410	6	56	3	-9	"O"	"K"	2	1
410	6	25	3	-9	"O"	"K"	2	1
410	7	23	3	-9	"O"	"K"	2	1
410	7	40	3	-9	"O"	"K"	2	1
410	7	41	3	-9	"O"	"K"	2	1
410	7	1	3	-9	"O"	"K"	2	1
410	7	45	3	-9	"O"	"K"	2	1
410	8	34	3	-9	"O"	"K"	2	1
410	8	35	3	-9	"O"	"K"	2	1
410	8	57	3	-9	"O"	"K"	2	1
410	8	46	3	-9	"O"	"K"	2	1
410	8	43	3	-9	"O"	"K"	2	1
430	3	59	4	-9	"K"	"O"	2	2
430	3	8	4	-9	"K"	"O"	2	2
430	3	110	4	-9	"K"	"O"	2	2
430	3	56	4	-9	"K"	"O"	2	2
430	3	13	4	-9	"K"	"O"	2	2
430	4	93	4	-9	"K"	"O"	2	2
430	4	67	4	-9	"K"	"O"	2	2
430	4	65	4	-9	"K"	"O"	2	2
430	4	61	4	-9	"K"	"O"	2	2
430	4	64	4	-9	"K"	"O"	2	2
431	2	68	4	-9	"K"	"M"	2	2
431	2	33	4	-9	"K"	"M"	2	2
431	2	144	4	-9	"K"	"M"	2	2
431	2	147	4	-9	"K"	"M"	2	2
431	2	50	4	-9	"K"	"M"	2	2
431	3	85	4	-9	"K"	"M"	2	2
431	3	89	4	-9	"K"	"M"	2	2
431	3	103	4	-9	"K"	"M"	2	2
431	3	127	4	-9	"K"	"M"	2	2
431	3	101	4	-9	"K"	"M"	2	2
410	10	34	3	-9	"O"	"K"	2	1
410	10	37	3	-9	"O"	"K"	2	1
410	10	45	3	-9	"O"	"K"	2	1
410	10	30	3	-9	"O"	"K"	2	1
410	10	11	3	-9	"O"	"K"	2	1
430	5	117	4	-9	"K"	"O"	2	2
430	5	132	4	-9	"K"	"O"	2	2
430	5	91	4	-9	"K"	"O"	2	2
430	5	88	4	-9	"K"	"O"	2	2
430	5	38	4	-9	"K"	"O"	2	2
412	1	41	3	-9	"O"	"O"	2	3
412	1	40	3	-9	"O"	"O"	2	3
412	1	18	3	-9	"O"	"O"	2	3
412	1	34	3	-9	"O"	"O"	2	3
412	1	21	3	-9	"O"	"O"	2	3
401	1	14	3	-9	"O"	"O"	4	3
401	1	36	3	-9	"O"	"O"	4	3
401	1	7	3	-9	"O"	"O"	4	3
401	1	8	3	-9	"O"	"O"	4	3
401	1	6	3	-9	"O"	"O"	4	3
420	3	132	1	-9	"O"	"M"	3	4
420	3	169	1	-9	"O"	"M"	3	4
420	3	158	1	-9	"O"	"M"	3	4
420	3	131	1	-9	"O"	"M"	3	4
420	3	125	1	-9	"O"	"M"	3	4
420	4	127	1	-9	"O"	"M"	3	4
420	4	99	1	-9	"O"	"M"	3	4
420	4	115	1	-9	"O"	"M"	3	4
420	4	116	1	-9	"O"	"M"	3	4
420	4	115	1	-9	"O"	"M"	3	4
400	1	40	3	-9	"O"	"O"	4	3
400	1	129	3	-9	"O"	"O"	4	3
400	1	37	3	-9	"O"	"O"	4	3
400	1	48	3	-9	"O"	"O"	4	3
400	1	38	3	-9	"O"	"O"	4	3
420	1	134	1	-9	"O"	"M"	3	4
420	1	113	1	-9	"O"	"M"	3	4
420	1	121	1	-9	"O"	"M"	3	4
420	1	132	1	-9	"O"	"M"	3	4
420	1	105	1	-9	"O"	"M"	3	4
431	1	93	4	-9	"K"	"M"	2	2
431	1	149	4	-9	"K"	"M"	2	2
431	1	122	4	-9	"K"	"M"	2	2
431	1	146	4	-9	"K"	"M"	2	2
431	1	73	4	-9	"K"	"M"	2	2
424	23	99	4	-9	"K"	"O"	4	2
424	23	185	4	-9	"K"	"O"	4	2
424	23	163	4	-9	"K"	"O"	4	2
424	23	176	4	-9	"K"	"O"	4	2
424	23	175	4	-9	"K"	"O"	4	2
424	3	105	4	-9	"K"	"O"	4	2
424	3	94	4	-9	"K"	"O"	4	2
424	3	115	4	-9	"K"	"O"	4	2
424	3	128	4	-9	"K"	"O"	4	2
424	3	103	4	-9	"K"	"O"	4	2
411	2	93	3	-9	"O"	"O"	2	3
411	2	134	3	-9	"O"	"O"	2	3
411	2	91	3	-9	"O"	"O"	2	3
411	2	99	3	-9	"O"	"O"	2	3
411	2	65	3	-9	"O"	"O"	2	3
432	5	135	3	-9	"K"	"K"	2	1
432	5	179	3	-9	"K"	"K"	2	1
432	5	154	3	-9	"K"	"K"	2	1
432	5	163	3	-9	"K"	"K"	2	1
432	5	132	3	-9	"K"	"K"	2	1
433	5	23	3	-9	"K"	"K"	2	1
433	5	1	3	-9	"K"	"K"	2	1
433	5	1	3	-9	"K"	"K"	2	1
433	5	54	3	-9	"K"	"K"	2	1
433	5	2	3	-9	"K"	"K"	2	1
432	4	103	3	-9	"K"	"K"	2	1
432	4	84	3	-9	"K"	"K"	2	1
432	4	115	3	-9	"K"	"K"	2	1
432	4	130	3	-9	"K"	"K"	2	1
432	4	119	3	-9	"K"	"K"	2	1
401	2	9	3	-9	"O"	"O"	4	3
401	2	5	3	-9	"O"	"O"	4	3
401	2	3	3	-9	"O"	"O"	4	3
401	2	13	3	-9	"O"	"O"	4	3
401	2	2	3	-9	"O"	"O"	4	3
418	2	187	1	-9	"O"	"O"	3	3
418	2	195	1	-9	"O"	"O"	3	3
418	2	187	1	-9	"O"	"O"	3	3
418	2	192	1	-9	"O"	"O"	3	3
418	2	190	1	-9	"O"	"O"	3	3
435	4	151	1	-9	"O"	"O"	4	3
435	4	139	1	-9	"O"	"O"	4	3
435	4	140	1	-9	"O"	"O"	4	3
435	4	161	1	-9	"O"	"O"	4	3
435	4	133	1	-9	"O"	"O"	4	3
405	6	182	4	-9	"M"	"K"	2	3
405	6	173	4	-9	"M"	"K"	2	3
405	6	181	4	-9	"M"	"K"	2	3
435	1	152	1	-9	"O"	"O"	4	3
435	1	151	1	-9	"O"	"O"	4	3
435	1	133	1	-9	"O"	"O"	4	3
435	1	150	1	-9	"O"	"O"	4	3
435	1	151	1	-9	"O"	"O"	4	3
439	5	104	3	-9	"O"	"O"	2	3
439	5	63	3	-9	"O"	"O"	2	3
439	5	42	3	-9	"O"	"O"	2	3
439	5	56	3	-9	"O"	"O"	2	3
439	5	70	3	-9	"O"	"O"	2	3
419	3	36	1	-9	"O"	"M"	3	4
419	3	127	1	-9	"O"	"M"	3	4
419	3	79	1	-9	"O"	"M"	3	4
419	3	101	1	-9	"O"	"M"	3	4
419	3	35	1	-9	"O"	"M"	3	4
428	2	161	3	-9	"K"	"O"	4	4
428	2	131	3	-9	"K"	"O"	4	4
428	2	127	3	-9	"K"	"O"	4	4
428	2	124	3	-9	"K"	"O"	4	4
428	2	119	3	-9	"K"	"O"	4	4
419	8	83	1	-9	"O"	"M"	3	4
419	8	157	1	-9	"O"	"M"	3	4
419	8	152	1	-9	"O"	"M"	3	4
419	8	146	1	-9	"O"	"M"	3	4
419	8	147	1	-9	"O"	"M"	3	4
428	3	108	3	-9	"K"	"O"	4	4
428	3	164	3	-9	"K"	"O"	4	4
428	3	86	3	-9	"K"	"O"	4	4
428	3	70	3	-9	"K"	"O"	4	4
428	3	99	3	-9	"K"	"O"	4	4
414	1	53	4	-9	"O"	"K"	2	2
414	1	35	4	-9	"O"	"K"	2	2
414	1	57	4	-9	"O"	"K"	2	2
414	1	33	4	-9	"O"	"K"	2	2
414	1	85	4	-9	"O"	"K"	2	2
403	6	189	3	-9	"M"	"K"	2	1
403	6	178	3	-9	"M"	"K"	2	1
403	6	185	3	-9	"M"	"K"	2	1
403	6	162	3	-9	"M"	"K"	2	1
403	6	183	3	-9	"M"	"K"	2	1
421	1	50	1	-9	"O"	"K"	4	1
421	1	27	1	-9	"O"	"K"	4	1
421	1	15	1	-9	"O"	"K"	4	1
421	1	40	1	-9	"O"	"K"	4	1
421	1	31	1	-9	"O"	"K"	4	1
405	20	187	4	-9	"M"	"K"	2	3
405	20	173	4	-9	"M"	"K"	2	3
405	20	177	4	-9	"M"	"K"	2	3
405	20	179	4	-9	"M"	"K"	2	3
405	20	165	4	-9	"M"	"K"	2	3
433	3	96	3	-9	"K"	"K"	2	1
433	3	82	3	-9	"K"	"K"	2	1
433	3	86	3	-9	"K"	"K"	2	1
433	3	54	3	-9	"K"	"K"	2	1
433	3	71	3	-9	"K"	"K"	2	1
406	13	8	3	-9	"O"	"O"	4	3
406	13	19	3	-9	"O"	"O"	4	3
406	13	9	3	-9	"O"	"O"	4	3
406	13	20	3	-9	"O"	"O"	4	3
406	13	4	3	-9	"O"	"O"	4	3
406	15	29	3	-9	"O"	"O"	4	3
406	15	6	3	-9	"O"	"O"	4	3
406	15	3	3	-9	"O"	"O"	4	3
406	15	6	3	-9	"O"	"O"	4	3
406	15	25	3	-9	"O"	"O"	4	3
409	1	28	3	-9	"O"	"O"	4	3
409	1	22	3	-9	"O"	"O"	4	3
409	1	35	3	-9	"O"	"O"	4	3
409	1	25	3	-9	"O"	"O"	4	3
409	1	15	3	-9	"O"	"O"	4	3
421	8	65	1	-9	"O"	"K"	4	1
421	8	73	1	-9	"O"	"K"	4	1
421	8	48	1	-9	"O"	"K"	4	1
421	8	60	1	-9	"O"	"K"	4	1
421	8	66	1	-9	"O"	"K"	4	1
420	2	132	1	-9	"O"	"M"	3	4
420	2	127	1	-9	"O"	"M"	3	4
420	2	114	1	-9	"O"	"M"	3	4
420	2	118	1	-9	"O"	"M"	3	4
420	2	130	1	-9	"O"	"M"	3	4
419	2	82	1	-9	"O"	"M"	3	4
432	3	71	3	-9	"K"	"K"	2	1
432	3	57	3	-9	"K"	"K"	2	1
432	3	49	3	-9	"K"	"K"	2	1
432	3	72	3	-9	"K"	"K"	2	1
432	3	39	3	-9	"K"	"K"	2	1
433	21	87	3	-9	"K"	"K"	2	1
433	21	64	3	-9	"K"	"K"	2	1
433	21	80	3	-9	"K"	"K"	2	1
433	21	112	3	-9	"K"	"K"	2	1
433	21	98	3	-9	"K"	"K"	2	1
419	6	61	1	-9	"O"	"M"	3	4
419	6	90	1	-9	"O"	"M"	3	4
419	6	87	1	-9	"O"	"M"	3	4
419	6	35	1	-9	"O"	"M"	3	4
419	6	66	1	-9	"O"	"M"	3	4
420	2	117	1	-9	"O"	"M"	3	4
420	2	131	1	-9	"O"	"M"	3	4
420	2	123	1	-9	"O"	"M"	3	4
420	2	101	1	-9	"O"	"M"	3	4
420	2	135	1	-9	"O"	"M"	3	4
405	24	175	4	-9	"M"	"K"	2	3
405	24	181	4	-9	"M"	"K"	2	3
405	24	180	4	-9	"M"	"K"	2	3
405	24	178	4	-9	"M"	"K"	2	3
405	24	173	4	-9	"M"	"K"	2	3
421	3	55	1	-9	"O"	"K"	4	1
421	3	68	1	-9	"O"	"K"	4	1
421	3	53	1	-9	"O"	"K"	4	1
421	3	67	1	-9	"O"	"K"	4	1
421	3	62	1	-9	"O"	"K"	4	1
414	17	65	4	-9	"O"	"K"	2	2
414	17	30	4	-9	"O"	"K"	2	2
414	17	45	4	-9	"O"	"K"	2	2
414	17	76	4	-9	"O"	"K"	2	2
414	17	38	4	-9	"O"	"K"	2	2
409	5	53	3	-9	"O"	"O"	4	3
409	5	63	3	-9	"O"	"O"	4	3
409	5	54	3	-9	"O"	"O"	4	3
409	5	58	4	-9	"O"	"O"	4	3
409	5	50	3	-9	"O"	"O"	4	3
414	2	33	4	-9	"O"	"K"	2	2
414	2	18	4	-9	"O"	"K"	2	2
414	2	74	4	-9	"O"	"K"	2	2
414	2	10	4	-9	"O"	"K"	2	2
414	2	55	4	-9	"O"	"K"	2	2
428	5	190	3	-9	"K"	"O"	4	4
428	5	185	3	-9	"K"	"O"	4	4
428	5	189	3	-9	"K"	"O"	4	4
428	5	151	3	-9	"K"	"O"	4	4
428	5	154	3	-9	"K"	"O"	4	4
409	2	11	3	-9	"O"	"O"	4	3
409	2	4	3	-9	"O"	"O"	4	3
409	2	40	3	-9	"O"	"O"	4	3
409	2	27	3	-9	"O"	"O"	4	3
409	2	20	3	-9	"O"	"O"	4	3
428	4	140	3	-9	"K"	"O"	4	4
428	4	126	3	-9	"K"	"O"	4	4
428	4	134	3	-9	"K"	"O"	4	4
428	4	142	3	-9	"K"	"O"	4	4
428	4	161	3	-9	"K"	"O"	4	4
441	2	196	3	-9	"O"	"K"	2	1
441	2	190	3	-9	"O"	"K"	2	1
441	2	194	3	-9	"O"	"K"	2	1
441	2	199	3	-9	"O"	"K"	2	1
441	2	195	3	-9	"O"	"K"	2	1
440	5	198	3	-9	"O"	"M"	2	4
440	5	198	3	-9	"O"	"M"	2	4
440	5	190	3	-9	"O"	"M"	2	4
440	5	194	3	-9	"O"	"M"	2	4
440	5	196	3	-9	"O"	"M"	2	4
413	1	1	3	-9	"O"	"K"	2	1
413	1	68	3	-9	"O"	"K"	2	1
413	1	23	3	-9	"O"	"K"	2	1
413	1	77	3	-9	"O"	"K"	2	1
413	1	10	3	-9	"O"	"K"	2	1
413	3	83	3	-9	"O"	"K"	2	1
413	3	8	3	-9	"O"	"K"	2	1
413	3	81	3	-9	"O"	"K"	2	1
413	3	63	3	-9	"O"	"K"	2	1
413	3	55	3	-9	"O"	"K"	2	1
429	3	182	4	-9	"K"	"M"	4	2
429	3	183	4	-9	"K"	"M"	4	2
429	3	183	4	-9	"K"	"M"	4	2
429	3	184	4	-9	"K"	"M"	4	2
429	3	181	4	-9	"K"	"M"	4	2
440	13	185	3	-9	"O"	"M"	2	4
440	13	193	3	-9	"O"	"M"	2	4
440	13	191	3	-9	"O"	"M"	2	4
440	13	197	3	-9	"O"	"M"	2	4
440	13	195	3	-9	"O"	"M"	2	4
440	12	198	3	-9	"O"	"M"	2	4
440	12	199	3	-9	"O"	"M"	2	4
440	12	193	3	-9	"O"	"M"	2	4
440	12	196	3	-9	"O"	"M"	2	4
440	12	197	3	-9	"O"	"M"	2	4
420	2	97	1	-9	"O"	"M"	3	4
420	2	138	1	-9	"O"	"M"	3	4
420	2	115	1	-9	"O"	"M"	3	4
420	2	113	1	-9	"O"	"M"	3	4
420	2	139	1	-9	"O"	"M"	3	4
405	18	191	4	-9	"M"	"K"	2	3
405	18	182	4	-9	"M"	"K"	2	3
405	18	180	4	-9	"M"	"K"	2	3
405	18	187	4	-9	"M"	"K"	2	3
405	18	193	4	-9	"M"	"K"	2	3
407	1	167	4	-9	"O"	"O"	4	2
407	1	183	4	-9	"O"	"O"	4	2
407	1	177	4	-9	"O"	"O"	4	2
407	1	182	4	-9	"O"	"O"	4	2
407	1	189	4	-9	"O"	"O"	4	2
439	1	97	3	-9	"O"	"O"	2	3
439	1	130	3	-9	"O"	"O"	2	3
439	1	99	3	-9	"O"	"O"	2	3
439	1	116	3	-9	"O"	"O"	2	3
439	1	137	3	-9	"O"	"O"	2	3
414	3	0	4	-9	"O"	"K"	2	2
414	3	16	4	-9	"O"	"K"	2	2
414	3	60	4	-9	"O"	"K"	2	2
414	3	54	4	-9	"O"	"K"	2	2
414	3	0	4	-9	"O"	"K"	2	2
434	1	198	1	-9	"O"	"M"	4	4
434	1	163	1	-9	"O"	"M"	4	4
434	1	195	1	-9	"O"	"M"	4	4
434	1	199	1	-9	"O"	"M"	4	4
434	1	197	1	-9	"O"	"M"	4	4
429	15	180	4	-9	"K"	"M"	4	2
429	15	188	4	-9	"K"	"M"	4	2
429	15	173	4	-9	"K"	"M"	4	2
429	15	185	4	-9	"O"	"M"	3	4
429	15	181	4	-9	"K"	"M"	4	2
425	20	53	3	-9	"K"	"O"	4	3
425	20	14	3	-9	"K"	"O"	4	3
425	20	74	3	-9	"K"	"O"	4	3
425	20	134	3	-9	"K"	"O"	4	3
425	20	104	3	-9	"K"	"O"	4	3
404	1	32	3	-9	"M"	"K"	2	1
419	4	64	1	-9	"O"	"M"	3	4
419	4	80	1	-9	"O"	"M"	3	4
419	4	36	1	-9	"O"	"M"	3	4
419	4	90	1	-9	"O"	"M"	3	4
419	4	87	1	-9	"O"	"M"	3	4
419	2	48	1	-9	"O"	"M"	3	4
419	2	79	1	-9	"O"	"M"	3	4
419	2	85	1	-9	"O"	"M"	3	4
419	2	80	1	-9	"O"	"M"	3	4
419	2	104	1	-9	"O"	"M"	3	4
409	4	5	3	-9	"O"	"O"	4	3
409	4	1	3	-9	"O"	"O"	4	3
409	4	27	3	-9	"O"	"O"	4	3
409	4	45	3	-9	"O"	"O"	4	3
409	4	60	3	-9	"O"	"O"	4	3
426	3	198	3	-9	"K"	"O"	4	4
426	3	197	3	-9	"K"	"O"	4	4
426	3	199	3	-9	"K"	"O"	4	4
426	3	196	3	-9	"K"	"O"	4	4
426	3	196	3	-9	"K"	"O"	4	4
401	3	16	3	-9	"O"	"O"	4	3
401	3	28	3	-9	"O"	"O"	4	3
401	3	15	3	-9	"O"	"O"	4	3
401	3	40	3	-9	"O"	"O"	4	3
401	3	36	3	-9	"O"	"O"	4	3
440	11	189	3	-9	"O"	"M"	2	4
440	11	194	3	-9	"O"	"M"	2	4
440	11	194	3	-9	"O"	"M"	2	4
440	11	198	3	-9	"O"	"M"	2	4
440	11	193	3	-9	"O"	"M"	2	4
420	5	119	1	-9	"O"	"M"	3	4
420	5	138	1	-9	"O"	"M"	3	4
420	5	139	1	-9	"O"	"M"	3	4
420	5	142	1	-9	"O"	"M"	3	4
420	5	147	1	-9	"O"	"M"	3	4
440	7	180	3	-9	"O"	"M"	2	4
440	7	199	3	-9	"O"	"M"	2	4
440	7	196	3	-9	"O"	"M"	2	4
440	7	193	3	-9	"O"	"M"	2	4
440	7	184	3	-9	"O"	"M"	2	4
429	12	116	4	-9	"K"	"M"	4	2
429	12	182	4	-9	"K"	"M"	4	2
429	12	182	4	-9	"K"	"M"	4	2
429	12	189	4	-9	"K"	"M"	4	2
429	12	99	4	-9	"K"	"M"	4	2
424	4	117	4	-9	"K"	"O"	4	2
424	4	131	4	-9	"K"	"O"	4	2
424	4	181	4	-9	"K"	"O"	4	2
424	4	114	4	-9	"K"	"O"	4	2
424	4	184	4	-9	"K"	"O"	4	2
407	3	195	4	-9	"O"	"O"	4	2
407	3	188	4	-9	"O"	"O"	4	2
407	3	179	4	-9	"O"	"O"	4	2
407	3	171	4	-9	"O"	"O"	4	2
407	3	182	4	-9	"O"	"O"	4	2
418	1	187	1	-9	"O"	"O"	3	3
418	1	177	1	-9	"O"	"O"	3	3
418	1	164	1	-9	"O"	"O"	3	3
418	1	166	1	-9	"O"	"O"	3	3
418	1	134	1	-9	"O"	"O"	3	3
421	2	24	1	-9	"O"	"K"	4	1
421	2	28	1	-9	"O"	"K"	4	1
421	2	37	1	-9	"O"	"K"	4	1
421	2	33	1	-9	"O"	"K"	4	1
421	2	29	1	-9	"O"	"K"	4	1
440	1	197	3	-9	"O"	"M"	2	4
440	1	198	3	-9	"O"	"M"	2	4
440	1	191	3	-9	"O"	"M"	2	4
440	1	193	3	-9	"O"	"M"	2	4
440	1	178	3	-9	"O"	"M"	2	4
414	22	41	4	-9	"O"	"K"	2	2
414	22	53	4	-9	"O"	"K"	2	2
414	22	42	4	-9	"O"	"K"	2	2
414	22	45	4	-9	"O"	"K"	2	2
414	22	46	4	-9	"O"	"K"	2	2
421	4	26	1	-9	"O"	"K"	4	1
421	4	113	1	-9	"O"	"K"	4	1
421	4	88	1	-9	"O"	"K"	4	1
421	4	121	1	-9	"O"	"K"	4	1
421	4	118	1	-9	"O"	"K"	4	1
433	4	162	3	-9	"K"	"K"	2	1
433	4	162	3	-9	"K"	"K"	2	1
433	4	164	3	-9	"K"	"K"	2	1
433	4	160	3	-9	"K"	"K"	2	1
433	4	169	3	-9	"K"	"K"	2	1
439	2	122	3	-9	"O"	"O"	2	3
439	2	129	3	-9	"O"	"O"	2	3
439	2	124	3	-9	"O"	"O"	2	3
439	2	136	3	-9	"O"	"O"	2	3
439	2	114	3	-9	"O"	"O"	2	3
439	9	158	3	-9	"O"	"O"	2	3
439	9	136	3	-9	"O"	"O"	2	3
439	9	140	3	-9	"O"	"O"	2	3
439	9	157	3	-9	"O"	"O"	2	3
439	9	146	3	-9	"O"	"O"	2	3
409	3	69	3	-9	"O"	"O"	4	3
409	3	85	3	-9	"O"	"O"	4	3
409	3	57	3	-9	"O"	"O"	4	3
409	3	42	3	-9	"O"	"O"	4	3
409	3	112	3	-9	"O"	"O"	4	3
401	5	49	3	-9	"O"	"O"	4	3
401	5	47	3	-9	"O"	"O"	4	3
401	5	35	3	-9	"O"	"O"	4	3
401	5	20	3	-9	"O"	"O"	4	3
401	5	45	3	-9	"O"	"O"	4	3
432	2	159	3	-9	"K"	"K"	2	1
432	2	148	3	-9	"K"	"K"	2	1
432	2	145	3	-9	"K"	"K"	2	1
432	2	120	3	-9	"K"	"K"	2	1
432	2	152	3	-9	"K"	"K"	2	1
418	3	50	1	-9	"O"	"O"	3	3
418	3	67	1	-9	"O"	"O"	3	3
418	3	62	1	-9	"O"	"O"	3	3
428	3	63	1	-9	"K"	"O"	4	4
428	3	72	1	-9	"K"	"O"	4	4
430	1	115	4	-9	"K"	"O"	2	2
430	1	110	4	-9	"K"	"O"	2	2
430	1	141	4	-9	"K"	"O"	2	2
430	1	124	4	-9	"K"	"O"	2	2
430	1	132	4	-9	"K"	"O"	2	2
442	2	195	4	-9	"O"	"M"	2	2
442	2	196	4	-9	"O"	"M"	2	2
442	2	195	4	-9	"O"	"M"	2	2
442	2	194	4	-9	"O"	"M"	2	2
442	2	198	4	-9	"O"	"M"	2	2
401	4	0	3	-9	"O"	"O"	4	3
401	4	2	3	-9	"O"	"O"	4	3
401	4	1	3	-9	"O"	"O"	4	3
401	4	0	3	-9	"O"	"O"	4	3
401	4	0	3	-9	"O"	"O"	4	3
426	4	192	3	-9	"K"	"O"	4	4
426	4	193	3	-9	"K"	"O"	4	4
426	4	194	3	-9	"K"	"O"	4	4
426	4	186	3	-9	"K"	"O"	4	4
426	4	195	3	-9	"K"	"O"	4	4
435	8	200	1	-9	"O"	"O"	4	3
435	8	198	1	-9	"O"	"O"	4	3
435	8	200	1	-9	"O"	"O"	4	3
435	8	199	1	-9	"O"	"O"	4	3
435	8	194	1	-9	"O"	"O"	4	3
404	5	16	3	-9	"M"	"K"	2	1
404	5	32	3	-9	"M"	"K"	2	1
404	5	17	3	-9	"M"	"K"	2	1
404	5	31	3	-9	"M"	"K"	2	1
404	5	28	3	-9	"M"	"K"	2	1
424	10	182	4	-9	"K"	"O"	4	2
424	10	182	4	-9	"K"	"O"	4	2
424	10	186	4	-9	"K"	"O"	4	2
424	10	163	4	-9	"K"	"O"	4	2
424	10	184	4	-9	"K"	"O"	4	2
429	11	174	4	-9	"K"	"M"	4	2
429	11	176	4	-9	"K"	"M"	4	2
400	2	145	4	-9	"O"	"O"	4	3
400	2	139	4	-9	"O"	"O"	4	3
400	2	137	4	-9	"O"	"O"	4	3
400	2	142	4	-9	"O"	"O"	4	3
400	2	153	4	-9	"O"	"O"	4	3
417	4	150	3	-9	"O"	"O"	2	3
417	4	131	3	-9	"O"	"O"	2	3
417	4	143	3	-9	"O"	"O"	2	3
417	4	144	3	-9	"O"	"O"	2	3
417	4	135	3	-9	"O"	"O"	2	3
417	3	147	3	-9	"O"	"O"	2	3
417	3	132	3	-9	"O"	"O"	2	3
417	3	133	3	-9	"O"	"O"	2	3
417	3	128	3	-9	"O"	"O"	2	3
417	3	125	3	-9	"O"	"O"	2	3
417	2	162	3	-9	"O"	"O"	2	3
417	2	139	3	-9	"O"	"O"	2	3
417	2	149	3	-9	"O"	"O"	2	3
417	2	141	3	-9	"O"	"O"	2	3
417	2	127	3	-9	"O"	"O"	2	3
417	1	143	3	-9	"O"	"O"	2	3
417	1	162	3	-9	"O"	"O"	2	3
417	1	157	3	-9	"O"	"O"	2	3
417	1	152	3	-9	"O"	"O"	2	3
417	1	141	3	-9	"O"	"O"	2	3
