index,species,pop,source,plant_id,sex,habitat,seeds_weighed,total_mass_mg,notes,notes2
1,S.sali,842,F,9,2,D,25,3.602,,
2,S.sali,842,F,9,2,D,25,3.394,,
3,S.sali,842,F,9,2,D,25,3.815,,
4,S.sali,842,F,9,2,D,25,3.649,,
5,S.sali,842,F,9,2,D,25,3.615,,
6,S.sali,842,F,9,2,D,25,4.065,,
7,S.sali,842,F,12,3,D,25,3.736,,
8,S.sali,842,F,12,3,D,25,3.683,,
9,S.sali,842,F,12,3,D,25,3.695,,
10,S.sali,842,F,15,2,D,25,3.577,,
11,S.sali,842,F,15,2,D,19,2.298,,
12,S.sali,842,F,21,3,D,25,4.493,,
13,S.sali,842,F,21,3,D,25,4.663,,
14,S.sali,842,F,21,3,D,25,4.563,,
15,S.sali,842,F,22,2,D,25,4.016,,
16,S.sali,842,F,22,2,D,25,4.315,,
17,S.sali,842,F,22,2,D,25,3.968,,
18,S.sali,842,F,23,3,D,25,4.772,,
19,S.sali,842,F,23,3,D,25,4.837,,
20,S.sali,842,F,23,3,D,25,4.504,,
21,S.sali,842,F,23,3,D,25,4.688,,
22,S.sali,842,F,23,3,D,25,4.625,,
23,S.sali,842,F,23,3,D,25,5.005,,
24,S.sali,842,F,27,3,D,25,4.002,,
25,S.sali,842,F,27,3,D,25,4.064,,
26,S.sali,842,F,27,3,D,25,3.837,,
27,S.sali,842,F,34,3,D,25,4.885,,
28,S.sali,842,F,34,3,D,25,5.034,,
29,S.sali,842,F,34,3,D,25,4.427,,
30,S.sali,842,F,36,3,D,25,3.609,,
31,S.sali,842,F,36,3,D,25,3.436,,
32,S.sali,842,F,36,3,D,25,3.564,,
33,S.sali,842,F,37,3,D,25,4.378,,
34,S.sali,842,F,37,3,D,25,4.114,,
35,S.sali,842,F,37,3,D,25,4.204,,
36,S.sali,842,F,37,3,D,25,5.044,,
37,S.sali,842,F,37,3,D,25,4.738,,
38,S.sali,842,F,37,3,D,25,5.116,,
39,S.sali,842,F,39,3,D,25,3.554,,
40,S.sali,842,F,39,3,D,25,3.423,,
41,S.sali,842,F,39,3,D,25,3.629,,
42,S.sali,842,F,39,3,D,25,3.677,,
43,S.sali,842,F,39,3,D,25,3.695,,
44,S.sali,842,F,39,3,D,25,3.682,,
45,S.sali,842,F,40,2,D,25,4.477,,
46,S.sali,842,F,40,2,D,25,4.541,,
47,S.sali,842,F,40,2,D,25,4.707,,
48,S.sali,842,F,45,3,D,25,3.907,,
49,S.sali,842,F,45,3,D,25,4.006,,
50,S.sali,842,F,45,3,D,25,4.101,,
51,S.sali,842,F,48,2,D,25,4.334,,
52,S.sali,842,F,48,2,D,25,4.332,,
53,S.sali,842,F,48,2,D,25,4.312,,
54,S.sali,842,F,48,2,D,25,4.242,,
55,S.sali,842,F,48,2,D,25,4.298,,
56,S.sali,842,F,48,2,D,25,4.192,,
57,S.sali,842,F,49,3,D,25,3.854,,
58,S.sali,842,F,49,3,D,25,4.107,,
59,S.sali,842,F,49,3,D,25,3.939,,
60,S.sali,842,F,50,3,D,25,3.247,,
61,S.sali,842,F,50,3,D,25,3.394,,
62,S.sali,842,F,50,3,D,25,3.525,,
63,S.sali,842,F,51,3,D,25,3.776,,
64,S.sali,842,F,51,3,D,25,3.904,,
65,S.sali,842,F,51,3,D,25,3.965,,
66,S.sali,842,F,57,3,D,25,3.577,,
67,S.sali,842,F,57,3,D,25,3.435,,
68,S.sali,842,F,57,3,D,25,3.192,,
69,S.sali,842,F,58,3,D,25,4.527,,
70,S.sali,842,F,58,3,D,25,4.774,,
71,S.sali,842,F,58,3,D,25,4.945,,
72,S.sali,842,F,59,3,D,25,4.114,,
73,S.sali,842,F,59,3,D,25,3.956,,
74,S.sali,842,F,59,3,D,25,3.783,,
75,S.sali,842,F,60,3,D,25,3.979,,
76,S.sali,842,F,60,3,D,25,3.643,,
77,S.sali,842,F,60,3,D,25,3.851,,
78,S.sali,842,F,61,3,D,25,4.597,,
79,S.sali,842,F,61,3,D,25,4.555,,
80,S.sali,842,F,61,3,D,25,4.484,,
81,S.sali,842,F,62,3,D,25,4.154,,
82,S.sali,842,F,62,3,D,25,4.435,,
83,S.sali,842,F,62,3,D,25,4.274,,
84,S.sali,842,F,65,2,D,25,3.961,,
85,S.sali,842,F,65,2,D,25,4.233,,
86,S.sali,842,F,65,2,D,25,4.04,,
87,S.sali,842,F,89,2,D,25,4.642,,
88,S.sali,842,F,89,2,D,25,4.566,,
89,S.sali,842,F,89,2,D,25,4.403,,
90,S.sali,842,F,89,2,D,25,4.369,,
91,S.sali,842,F,89,2,D,25,4.341,,
92,S.sali,842,F,89,2,D,25,4.708,,
93,S.sali,842,F,107,2,D,25,5.271,,
94,S.sali,842,F,107,2,D,25,4.895,,
95,S.sali,842,F,107,2,D,25,4.983,,
96,S.sali,842,F,107,2,D,25,4.39,,
97,S.sali,842,F,107,2,D,25,4.21,,
98,S.sali,842,F,107,2,D,25,4.279,,
99,S.sali,842,F,112,2,D,25,6.19,,
100,S.sali,842,F,112,2,D,14,3.422,,
101,S.sali,842,F,112,2,D,25,6.636,,
102,S.sali,842,F,112,2,D,2,0.556,,
103,S.sali,842,F,117,2,D,25,5.491,,
104,S.sali,842,F,117,2,D,25,5.424,,
105,S.sali,842,F,117,2,D,22,4.567,,
106,S.sali,842,F,123,2,D,25,4.121,,
107,S.sali,842,F,123,2,D,25,4.302,,
108,S.sali,842,F,123,2,D,25,4.418,,
109,S.sali,842,F,129,2,D,15,3.584,,
110,S.sali,842,F,135,2,D,25,4.175,,
111,S.sali,842,F,135,2,D,25,3.936,,
112,S.sali,842,F,135,2,D,14,2.243,,
113,S.sali,842,F,136,2,D,1,0.241,,
114,S.sali,842,F,136,2,D,24,5.324,,
115,S.sali,842,F,143,2,D,25,4.156,,
116,S.sali,842,F,143,2,D,25,4.314,,
117,S.sali,842,F,143,2,D,25,4.274,,
118,S.sali,842,F,143,2,D,25,4.544,,
119,S.sali,842,F,143,2,D,11,2.019,,
120,S.sali,842,F,143,2,D,12,2.125,,
121,S.sali,842,F,145,2,D,25,3.693,,
122,S.sali,842,F,145,2,D,25,3.51,,
123,S.sali,842,F,145,2,D,25,3.167,,
124,S.sali,842,F,145,2,D,25,3.798,,
125,S.sali,842,F,145,2,D,25,3.802,,
126,S.sali,842,F,145,2,D,25,3.48,,
127,S.sali,842,F,145,2,D,25,4.485,,
128,S.sali,842,F,145,2,D,25,4.364,,
129,S.sali,842,F,145,2,D,14,2.359,,
130,S.sali,842,F,145,2,D,14,2.473,,
131,S.sali,842,F,147,2,D,25,4.707,,
132,S.sali,842,F,147,2,D,25,4.401,,
133,S.sali,842,F,147,2,D,25,4.327,,
134,S.sali,842,F,147,2,D,25,4.443,,
135,S.sali,842,F,147,2,D,25,4.583,,
136,S.sali,842,F,147,2,D,25,4.173,,
137,S.sali,842,F,147,2,D,25,4.85,,
138,S.sali,842,F,147,2,D,25,4.893,,
139,S.sali,842,F,147,2,D,25,5.044,,
140,S.sali,842,F,148,2,D,16,3.176,,
141,S.sali,842,F,148,2,D,4,0.802,,
142,S.glob,850,F,13,2,D,25,2.369,,
143,S.glob,850,F,13,2,D,25,2.525,,
144,S.glob,850,F,13,2,D,25,2.592,,
145,S.glob,850,F,46,2,D,25,3.056,,
146,S.glob,850,F,46,2,D,25,3.029,,
147,S.glob,850,F,46,2,D,25,2.966,,
148,S.glob,850,F,87,2,D,25,2.989,,
149,S.glob,850,F,87,2,D,25,3.258,,
150,S.glob,850,F,87,2,D,12,1.491,,
151,S.glob,850,F,87,2,D,25,3.998,,
152,S.glob,850,F,87,2,D,25,3.726,,
153,S.glob,850,F,87,2,D,25,4.05,,
154,S.glob,850,F,91,2,D,25,2.528,,
155,S.glob,850,F,91,2,D,25,2.602,,
156,S.glob,850,F,91,2,D,25,2.571,,
157,S.glob,850,F,91,2,D,25,2.63,,
158,S.glob,850,F,91,2,D,25,2.856,,
159,S.glob,850,F,91,2,D,25,2.86,,
160,S.glob,850,F,124,2,D,25,3.019,,
161,S.glob,850,F,124,2,D,25,3.035,,
162,S.glob,850,F,124,2,D,25,2.977,,
163,S.glob,850,F,124,2,D,25,3.173,,
164,S.glob,850,F,124,2,D,25,3.349,,
165,S.glob,850,F,124,2,D,25,3.529,,
166,S.glob,844,F,12,3,D,25,2.62,,
167,S.glob,844,F,12,3,D,25,2.508,,
168,S.glob,844,F,12,3,D,25,2.327,,
169,S.glob,844,F,12,3,D,25,2.559,,
170,S.glob,844,F,12,3,D,25,2.596,,
171,S.glob,844,F,12,3,D,25,2.487,,
172,S.glob,844,F,24,2,D,25,3.351,,
173,S.glob,844,F,24,2,D,25,3.375,,
174,S.glob,844,F,24,2,D,25,3.222,,
175,S.glob,844,F,24,2,D,25,3.633,,
176,S.glob,844,F,24,2,D,25,3.498,,
177,S.glob,844,F,24,2,D,25,3.606,,
178,S.glob,844,F,91,3,D,25,2.693,,
179,S.glob,844,F,91,3,D,25,2.731,,
180,S.glob,844,F,91,3,D,21,2.208,,
181,S.glob,844,F,96,2,D,25,2.213,,
182,S.glob,844,F,96,2,D,25,2.245,,
183,S.glob,844,F,96,2,D,25,2.264,,
184,S.glob,844,F,96,2,D,25,2.23,,
185,S.glob,844,F,96,2,D,25,2.447,,
186,S.glob,844,F,96,2,D,25,2.394,,
187,S.glob,844,F,105,2,D,25,2.718,,
188,S.glob,844,F,105,2,D,25,2.596,,
189,S.glob,844,F,105,2,D,25,2.717,,
190,S.glob,844,F,105,2,D,25,2.877,,
191,S.glob,844,F,105,2,D,25,2.96,,
192,S.glob,844,F,105,2,D,25,2.887,,
193,S.glob,844,F,117,2,D,25,2.169,,
194,S.glob,844,F,117,2,D,25,2.382,,
195,S.glob,844,F,117,2,D,25,2.25,,
196,S.glob,844,F,117,2,D,25,2.549,,
197,S.glob,844,F,117,2,D,25,2.533,,
198,S.glob,844,F,117,2,D,25,2.436,,
199,S.glob,844,F,117,2,D,25,2.278,,
200,S.glob,844,F,117,2,D,25,2.224,,
201,S.glob,844,F,117,2,D,25,2.297,,
202,S.glob,844,F,159,2,D,25,1.935,,
203,S.glob,844,F,159,2,D,25,2.234,,
204,S.glob,844,F,159,2,D,25,2.193,,
205,S.glob,844,F,159,2,D,25,2.621,,
206,S.glob,844,F,159,2,D,25,2.983,,
207,S.glob,844,F,159,2,D,25,2.674,,
208,S.glob,844,F,180,3,D,25,1.98,,
209,S.glob,844,F,180,3,D,25,2.005,,
210,S.glob,844,F,180,3,D,25,1.816,,
211,S.glob,844,F,180,3,D,25,1.952,,
212,S.glob,844,F,180,3,D,25,2.107,,
213,S.glob,844,F,180,3,D,25,2.151,,
214,S.glob,844,F,228,3,D,25,2.497,,
215,S.glob,844,F,228,3,D,25,2.749,,
216,S.glob,844,F,228,3,D,4,0.393,,
217,S.glob,844,F,244,2,D,25,3.832,,
218,S.glob,844,F,244,2,D,25,3.888,,
219,S.glob,844,F,244,2,D,14,2.094,,
220,S.glob,844,F,244,2,D,25,3.494,,
221,S.glob,844,F,244,2,D,25,3.419,,
222,S.glob,844,F,244,2,D,25,3.489,,
223,S.glob,844,F,263,2,D,25,2.507,,
224,S.glob,844,F,263,2,D,25,2.714,,
225,S.glob,844,F,263,2,D,25,2.759,,
226,S.glob,844,F,263,2,D,25,2.719,,
227,S.glob,844,F,263,2,D,25,2.665,,
228,S.glob,844,F,263,2,D,25,2.723,,
229,S.glob,844,F,266,3,D,25,3.67,,
230,S.glob,844,F,266,3,D,25,3.613,,
231,S.glob,844,F,266,3,D,25,3.616,,
232,S.glob,844,F,266,3,D,25,3.47,,
233,S.glob,844,F,266,3,D,25,3.459,,
234,S.glob,844,F,266,3,D,25,3.321,,
235,S.glob,844,F,273,3,D,23,2.524,,
236,S.glob,844,F,273,3,D,25,2.811,,
237,S.glob,844,F,273,3,D,4,0.535,,
238,S.glob,844,F,275,3,D,25,3.392,,
239,S.glob,844,F,275,3,D,2,0.229,,
240,S.glob,844,F,277,2,D,25,2.683,,
241,S.glob,844,F,277,2,D,25,2.978,,
242,S.glob,844,F,277,2,D,25,2.894,,
243,S.glob,844,F,277,2,D,25,3.182,,
244,S.glob,844,F,277,2,D,25,3.121,,
245,S.glob,844,F,277,2,D,25,3.203,,
246,S.glob,844,F,279,3,D,25,2.466,,
247,S.glob,844,F,279,3,D,25,2.662,,
248,S.glob,844,F,279,3,D,25,2.659,,
249,S.sali,853,F,1,2,D,25,2.822,,
250,S.sali,853,F,1,2,D,25,2.957,,
251,S.sali,853,F,1,2,D,25,2.956,,
252,S.sali,853,F,3,2,D,25,4.29,,
253,S.sali,853,F,3,2,D,25,4.179,,
254,S.sali,853,F,3,2,D,25,4.181,,
255,S.sali,853,F,6,3,D,25,4.259,,
256,S.sali,853,F,6,3,D,25,4.318,,
257,S.sali,853,F,6,3,D,25,4.095,,
258,S.sali,853,F,9,3,D,25,4.121,,
259,S.sali,853,F,9,3,D,25,4.385,,
260,S.sali,853,F,9,3,D,25,4.083,,
261,S.sali,853,F,9,3,D,25,3.273,,
262,S.sali,853,F,9,3,D,25,3.459,,
263,S.sali,853,F,9,3,D,25,3.288,,
264,S.sali,853,F,9,3,D,25,5.191,,
265,S.sali,853,F,9,3,D,25,5.304,,
266,S.sali,853,F,9,3,D,25,5.297,,
267,S.sali,853,F,12,3,D,25,4.178,,
268,S.sali,853,F,12,3,D,25,3.992,,
269,S.sali,853,F,12,3,D,25,3.781,,
270,S.sali,853,F,13,3,D,25,3.318,,
271,S.sali,853,F,13,3,D,25,3.379,,
272,S.sali,853,F,13,3,D,25,3.315,,
273,S.sali,853,F,15,2,D,25,3.31,,
274,S.sali,853,F,15,2,D,25,3.477,,
275,S.sali,853,F,15,2,D,25,3.459,,
276,S.sali,853,F,15,2,D,25,3.125,,
277,S.sali,853,F,15,2,D,25,3.244,,
278,S.sali,853,F,15,2,D,25,3.191,,
279,S.sali,853,F,18.1,3,D,25,3.566,,
280,S.sali,853,F,18.1,3,D,25,3.793,,
281,S.sali,853,F,18.1,3,D,25,3.605,,
282,S.sali,853,F,18.1,3,D,25,4.079,,
283,S.sali,853,F,18.1,3,D,25,3.992,,
284,S.sali,853,F,18.1,3,D,25,4.124,,
285,S.sali,853,F,18.2,3,D,25,3.122,,
286,S.sali,853,F,18.2,3,D,25,3.393,,
287,S.sali,853,F,18.2,3,D,25,3.047,,
288,S.sali,853,F,18.2,3,D,25,3.859,,
289,S.sali,853,F,18.2,3,D,25,3.912,,
290,S.sali,853,F,18.2,3,D,25,3.979,,
291,S.sali,853,F,25,2,D,25,3.818,,
292,S.sali,853,F,25,2,D,25,3.996,,
293,S.sali,853,F,25,2,D,25,3.921,,
294,S.sali,853,F,41,3,D,25,4.527,,
295,S.sali,853,F,41,3,D,25,4.458,,
296,S.sali,853,F,41,3,D,25,4.575,,
297,S.sali,853,F,41,3,D,25,4.021,,
298,S.sali,853,F,41,3,D,25,4.155,,
299,S.sali,853,F,41,3,D,25,4.079,,
300,S.sali,853,F,41,3,D,25,4.842,,
301,S.sali,853,F,41,3,D,25,4.74,,
302,S.sali,853,F,41,3,D,25,4.795,,
303,S.sali,853,F,48,2,D,25,4.211,,
304,S.sali,853,F,48,2,D,25,4.595,,
305,S.sali,853,F,48,2,D,25,4.609,,
306,S.sali,853,F,48,2,D,25,3.372,,
307,S.sali,853,F,48,2,D,25,3.463,,
308,S.sali,853,F,48,2,D,25,3.739,,
309,S.sali,853,F,48,2,D,25,4.575,,
310,S.sali,853,F,48,2,D,25,4.405,,
311,S.sali,853,F,48,2,D,25,4.86,,
312,S.sali,853,F,57,2,D,25,3.378,,
313,S.sali,853,F,57,2,D,25,3.374,,
314,S.sali,853,F,57,2,D,25,3.368,,
315,S.sali,853,F,57,2,D,25,4.423,,
316,S.sali,853,F,57,2,D,25,4.496,,
317,S.sali,853,F,57,2,D,25,4.589,,
318,S.sali,853,F,58,2,D,25,2.8,,
319,S.sali,853,F,58,2,D,25,3.123,,
320,S.sali,853,F,58,2,D,13,1.741,,
321,S.sali,853,F,58,2,D,25,3.388,,
322,S.sali,853,F,58,2,D,25,3.557,,
323,S.sali,853,F,58,2,D,25,3.725,,
324,S.sali,853,F,64,3,D,25,3.637,,
325,S.sali,853,F,64,3,D,25,3.999,,
326,S.sali,853,F,64,3,D,25,4.072,,
327,S.sali,853,F,64,3,D,25,3.661,,
328,S.sali,853,F,64,3,D,25,3.551,,
329,S.sali,853,F,64,3,D,25,3.577,,
330,S.sali,853,F,66,3,D,25,2.053,,
331,S.sali,853,F,66,3,D,25,2.093,,
332,S.sali,853,F,66,3,D,14,1.18,,
333,S.sali,853,F,66,3,D,25,2.49,,
334,S.sali,853,F,66,3,D,25,2.632,,
335,S.sali,853,F,66,3,D,25,2.562,,
336,S.sali,853,F,77,2,D,25,3.679,,
337,S.sali,853,F,77,2,D,25,4.082,,
338,S.sali,853,F,77,2,D,25,3.844,,
339,S.sali,853,F,106,3,D,25,3.279,,
340,S.sali,853,F,106,3,D,25,3.111,,
341,S.sali,853,F,106,3,D,25,3.214,,
342,S.sali,853,F,106,3,D,25,3.637,,
343,S.sali,853,F,106,3,D,25,3.394,,
344,S.sali,853,F,106,3,D,25,3.723,,
345,S.sali,853,F,111,2,D,25,2.923,,
346,S.sali,853,F,111,2,D,25,3.298,,
347,S.sali,853,F,111,2,D,25,3.099,,
348,S.sali,853,F,111,2,D,25,2.897,,
349,S.sali,853,F,111,2,D,25,2.864,,
350,S.sali,853,F,111,2,D,25,2.778,,
351,S.sali,853,F,113,2,D,25,4.34,,
352,S.sali,853,F,113,2,D,25,3.979,,
353,S.sali,853,F,113,2,D,25,4.138,,
354,S.sali,853,F,113,2,D,25,3.695,,
355,S.sali,853,F,113,2,D,25,3.514,,
356,S.sali,853,F,113,2,D,25,3.547,,
357,S.sali,853,F,113,2,D,25,4.443,,
358,S.sali,853,F,113,2,D,25,4.477,,
359,S.sali,853,F,113,2,D,25,4.302,,
360,S.sali,853,F,114,2,D,25,3.737,,
361,S.sali,853,F,114,2,D,25,3.517,,
362,S.sali,853,F,114,2,D,25,3.223,,
363,S.sali,853,F,114,2,D,25,3.307,,
364,S.sali,853,F,114,2,D,25,3.672,,
365,S.sali,853,F,114,2,D,25,3.745,,
366,S.sali,853,F,114,2,D,25,4.184,,
367,S.sali,853,F,114,2,D,25,4.202,,
368,S.sali,853,F,114,2,D,25,4.048,,
369,S.sali,853,F,115,3,D,25,3.674,,
370,S.sali,853,F,115,3,D,25,3.414,,
371,S.sali,853,F,115,3,D,25,3.297,,
372,S.sali,853,F,115,3,D,25,4.091,,
373,S.sali,853,F,115,3,D,25,4.001,,
374,S.sali,853,F,115,3,D,25,3.983,,
375,S.glob,852,F,11,3,D,12,1.113,,
376,S.glob,852,F,20,2,D,25,2.502,,
377,S.glob,852,F,20,2,D,25,2.645,,
378,S.glob,852,F,20,2,D,25,2.726,,
379,S.glob,852,F,20,2,D,25,2.564,,
380,S.glob,852,F,20,2,D,25,1.722,,
381,S.glob,852,F,20,2,D,25,2.86,,
382,S.glob,852,F,20,2,D,25,2.775,,
383,S.glob,852,F,20,2,D,25,2.777,,
384,S.glob,852,F,20,2,D,25,2.981,,
385,S.glob,852,F,22,2,D,25,2.647,,
386,S.glob,852,F,22,2,D,25,2.624,,
387,S.glob,852,F,22,2,D,25,2.599,,
388,S.glob,852,F,22,2,D,25,2.822,,
389,S.glob,852,F,22,2,D,25,2.668,,
390,S.glob,852,F,22,2,D,25,2.641,,
391,S.glob,852,F,22,2,D,25,2.599,,
392,S.glob,852,F,22,2,D,25,2.683,,
393,S.glob,852,F,22,2,D,25,2.795,,
394,S.glob,852,F,24,2,D,25,4.02,,
395,S.glob,852,F,24,2,D,25,4.145,,
396,S.glob,852,F,24,2,D,25,4.076,,
397,S.glob,852,F,24,2,D,25,3.846,,
398,S.glob,852,F,24,2,D,25,3.787,,
399,S.glob,852,F,24,2,D,25,4.068,,
400,S.glob,852,F,25,3,D,25,2.227,,
401,S.glob,852,F,25,3,D,25,1.865,,
402,S.glob,852,F,25,3,D,25,2.355,,
403,S.glob,852,F,26,3,D,25,2.408,,
404,S.glob,852,F,26,3,D,25,2.275,,
405,S.glob,852,F,26,3,D,25,2.191,,
406,S.glob,852,F,26,3,D,2,0.13,,
407,S.glob,852,F,49,2,D,25,3.745,,
408,S.glob,852,F,49,2,D,25,3.744,,
409,S.glob,852,F,49,2,D,25,3.888,,
410,S.glob,852,F,49,2,D,25,3.97,,
411,S.glob,852,F,49,2,D,25,3.998,,
412,S.glob,852,F,49,2,D,25,3.925,,
413,S.glob,852,F,93,2,D,25,2.76,,
414,S.glob,852,F,93,2,D,25,3.018,,
415,S.glob,852,F,93,2,D,25,2.833,,
416,S.glob,852,F,93,2,D,25,2.844,,
417,S.glob,852,F,93,2,D,25,2.917,,
418,S.glob,852,F,93,2,D,24,2.664,,
419,S.glob,852,F,130,2,D,25,3.295,,
420,S.glob,852,F,130,2,D,25,3.477,,
421,S.glob,852,F,130,2,D,25,3.32,,
422,S.glob,852,F,130,2,D,25,3.612,,
423,S.glob,852,F,130,2,D,25,3.359,,
424,S.glob,852,F,130,2,D,25,3.603,,
425,S.glob,852,F,131,2,D,25,3.561,,
426,S.glob,852,F,131,2,D,25,3.449,,
427,S.glob,852,F,131,2,D,25,3.52,,
428,S.glob,852,F,131,2,D,25,3.322,,
429,S.glob,852,F,131,2,D,25,3.404,,
430,S.glob,852,F,131,2,D,25,3.294,,
431,S.glob,852,F,132,2,D,25,3.524,,
432,S.glob,852,F,132,2,D,25,3.94,,
433,S.glob,852,F,132,2,D,25,3.804,,
434,S.glob,852,F,132,2,D,25,3.471,,
435,S.glob,852,F,132,2,D,25,3.831,,
436,S.glob,852,F,132,2,D,25,3.563,,
437,S.glob,852,F,136,2,D,25,2.561,,
438,S.glob,852,F,136,2,D,25,2.401,,
439,S.glob,852,F,136,2,D,25,2.508,,
440,S.glob,852,F,136,2,D,25,3.287,,
441,S.glob,852,F,136,2,D,25,3.822,,
442,S.glob,852,F,136,2,D,25,3.634,,
443,S.glob,852,F,157,2,D,25,2.857,,
444,S.glob,852,F,157,2,D,25,2.834,,
445,S.glob,852,F,157,2,D,25,2.803,,
446,S.glob,852,F,157,2,D,25,3.283,,
447,S.glob,852,F,157,2,D,25,3.07,,
448,S.glob,852,F,157,2,D,25,2.836,,
449,S.glob,852,F,168,3,D,20,1.821,,
450,S.glob,852,F,168,3,D,25,2.231,,
451,S.glob,852,F,168,3,D,25,2.545,,
452,S.glob,852,F,168,3,D,25,3.871,,
453,S.glob,852,F,168,3,D,25,3.635,,
454,S.glob,852,F,168,3,D,25,3.889,,
455,S.sali,842,GH,65.05,F,D,25,3.15,SD-double checked,
456,S.sali,842,GH,65.05,F,D,25,3.07,SD-double checked,
457,S.sali,842,GH,65.05,F,D,25,3.2,SD-double checked,
458,S.sali,842,GH,65.05,F,D,25,3.53,SD-double checked,
459,S.sali,842,GH,65.05,F,D,25,3.47,SD-double checked,
460,S.sali,842,GH,65.05,F,D,25,3.31,SD-double checked,
461,S.sali,842,GH,65.05,F,D,2,0.32,SD-double checked,
462,S.sali,842,GH,65.05,F,D,25,1.78,SD-double checked,
463,S.sali,842,GH,65.05,F,D,25,1.71,SD-double checked,
464,S.sali,842,GH,65.05,F,D,25,2.03,SD-double checked,
465,S.sali,842,GH,65.05,F,D,25,1.83,SD-double checked,
466,S.sali,842,GH,65.05,F,D,25,2.02,SD-double checked,
467,S.sali,842,GH,65.05,F,D,25,1.85,SD-double checked,
468,S.sali,842,GH,65.05,F,D,25,1.82,SD-double checked,
469,S.sali,842,GH,65.05,F,D,2,0.15,SD-double checked,
470,S.sali,853,GH,102-11,H,D,25,4.23,SD-double checked,
471,S.sali,853,GH,102-11,H,D,25,4.23,SD-double checked,
472,S.sali,853,GH,102-11,H,D,25,4.21,SD-double checked,
473,S.sali,853,GH,102-11,H,D,25,3.91,SD-double checked,
474,S.sali,853,GH,102-11,H,D,25,3.56,SD-double checked,
475,S.sali,853,GH,102-11,H,D,6,0.85,SD-double checked,
476,S.sali,853,GH,102-11,H,D,25,3.73,SD-double checked,
477,S.sali,853,GH,102-11,H,D,25,3.78,SD-double checked,
478,S.sali,853,GH,102-11,H,D,25,3.42,SD-double checked,
479,S.sali,853,GH,102-11,H,D,25,3.85,SD-double checked,
480,S.sali,853,GH,102-11,H,D,25,3.72,SD-double checked,
481,S.sali,853,GH,102-11,H,D,25,3.81,SD-double checked,
482,S.sali,853,GH,102-11,H,D,25,3.39,SD-double checked,
483,S.sali,853,GH,102-11,H,D,25,3.49,SD-double checked,
484,S.sali,853,GH,102-11,H,D,14,2.14,SD-double checked,
485,S.sali,853,GH,102-11,H,D,19,2.46,SD-double checked,
486,S.sali,853,GH,102-11,H,D,25,3.27,SD-double checked,
487,S.sali,853,GH,102-11,H,D,25,2.82,SD-double checked,
488,S.sali,853,GH,102-11,H,D,25,2.78,SD-double checked,
489,S.sali,853,GH,102-11,H,D,25,2.85,SD-double checked,
490,S.sali,853,GH,102-11,H,D,25,2.71,SD-double checked,
491,S.sali,853,GH,102-11,H,D,24,2.71,SD-double checked,
492,S.sali,853,GH,102-11,H,D,4,0.6,SD-double checked,
493,S.sali,853,GH,33-1,H,D,25,3.45,SD-double checked,5 corresponds to V/INV
494,S.sali,853,GH,33-1,H,D,25,3.22,SD-double checked,5 corresponds to V/INV
495,S.sali,853,GH,33-1,H,D,25,3.56,SD-double checked,5 corresponds to V/INV
496,S.sali,853,GH,33-1,H,D,25,3.42,SD-double checked,5 corresponds to V/INV
497,S.sali,853,GH,33-1,H,D,25,3.64,SD-double checked,5 corresponds to V/INV
498,S.sali,853,GH,33-1,H,D,25,3.3,SD-double checked,5 corresponds to V/INV
499,S.sali,853,GH,33-1,H,D,25,3.66,SD-double checked,5 corresponds to V/INV
500,S.sali,853,GH,33-1,H,D,25,3.51,SD-double checked,5 corresponds to V/INV
501,S.sali,853,GH,33-1,H,D,25,3.42,SD-double checked,5 corresponds to V/INV
502,S.sali,853,GH,33-1,H,D,17,2.3,SD-double checked,5 corresponds to V/INV
503,S.sali,853,GH,33-1,H,D,25,5.18,SD-double checked,1 corresponds to V/INV
504,S.sali,853,GH,33-1,H,D,25,5.61,SD-double checked,1 corresponds to V/INV
505,S.sali,853,GH,33-1,H,D,9,1.92,SD-double checked,1 corresponds to V/INV
506,S.sali,853,GH,102-01,H,D,25,3.14,SD-double checked,10-corresponds to seed V/INV
507,S.sali,853,GH,102-01,H,D,25,2.96,SD-double checked,10-corresponds to seed V/INV
508,S.sali,853,GH,102-01,H,D,6,0.53,SD-double checked,10-corresponds to seed V/INV
509,S.sali,853,GH,102-01,H,D,25,2.41,SD-double checked,18-corresponds to seed V/INV
510,S.sali,853,GH,102-01,H,D,25,2.14,SD-double checked,18-corresponds to seed V/INV
511,S.sali,853,GH,102-01,H,D,19,1.55,SD-double checked,18-corresponds to seed V/INV
512,S.sali,842,GH,57.12,H,D,25,4.23,SD-double checked,
513,S.sali,842,GH,57.12,H,D,25,4.77,SD-double checked,
514,S.sali,842,GH,57.12,H,D,29,5.07,SD-double checked,"In book there is a ""?"" next to seed no. SD"
515,S.sali,842,GH,57.12,H,D,25,4.14,SD-double checked,
516,S.sali,842,GH,57.12,H,D,25,4.19,SD-double checked,
517,S.sali,842,GH,57.12,H,D,25,4.15,SD-double checked,
518,S.sali,842,GH,57.12,H,D,25,4.54,SD-double checked,
519,S.sali,842,GH,57.12,H,D,25,3.94,SD-double checked,
520,S.sali,842,GH,57.12,H,D,24,4.22,SD-double checked,
521,S.sali,842,GH,57.12,H,D,25,4.24,SD-double checked,
522,S.sali,842,GH,57.12,H,D,25,4.35,SD-double checked,
523,S.sali,842,GH,57.12,H,D,20,3.71,SD-double checked,
524,S.sali,853,GH,102-01,H,D,25,3.57,SD-double checked,
525,S.sali,853,GH,102-01,H,D,25,3.56,SD-double checked,
526,S.sali,853,GH,102-01,H,D,25,3.39,SD-double checked,
527,S.sali,853,GH,102-01,H,D,25,3.41,SD-double checked,
528,S.sali,853,GH,102-01,H,D,25,3.52,SD-double checked,
529,S.sali,853,GH,102-01,H,D,25,3.52,SD-double checked,
530,S.sali,853,GH,102-01,H,D,17,2.09,SD-double checked,
531,S.sali,853,GH,102-01,H,D,25,4.71,SD-double checked,
532,S.sali,853,GH,102-01,H,D,25,4.73,SD-double checked,
533,S.sali,853,GH,102-01,H,D,21,3.93,SD-double checked,
534,S.sali,853,GH,102-01,H,D,25,3,SD-double checked,
535,S.glob,844,GH,64,sex?,D,25,3.344,SD-double checked,
536,S.glob,844,GH,64,sex?,D,25,2.815,SD-double checked,
537,S.glob,844,GH,64,sex?,D,25,2.688,SD-double checked,
538,S.glob,844,GH,64,sex?,D,25,2.836,SD-double checked,
539,S.glob,844,GH,64,sex?,D,25,2.978,SD-double checked,
540,S.glob,844,GH,64,sex?,D,24,2.85,SD-double checked,
541,S.glob,844,GH,64,sex?,D,25,3.153,SD-double checked,
542,S.glob,844,GH,64,sex?,D,25,2.729,SD-double checked,
543,S.glob,844,GH,64,sex?,D,25,2.609,SD-double checked,
544,S.glob,844,GH,64,sex?,D,25,2.986,SD-double checked,
545,S.glob,844,GH,64,sex?,D,25,2.885,SD-double checked,
546,S.glob,844,GH,64,sex?,D,13,1.685,SD-double checked,
547,S.glob,844,GH,12,sex?,D,25,3.055,SD-double checked,
548,S.glob,844,GH,12,sex?,D,25,3.188,SD-double checked,
549,S.glob,844,GH,12,sex?,D,25,3.352,SD-double checked,
550,S.glob,844,GH,12,sex?,D,25,4.042,SD-double checked,
551,S.glob,844,GH,12,sex?,D,25,3.263,SD-double checked,
552,S.glob,844,GH,12,sex?,D,25,3.787,SD-double checked,
553,S.glob,844,GH,12,sex?,D,25,3.816,SD-double checked,
554,S.glob,844,GH,12,sex?,D,25,3.631,SD-double checked,
555,S.glob,844,GH,12,sex?,D,25,3.714,SD-double checked,
556,S.glob,844,GH,12,sex?,D,25,3.758,SD-double checked,
557,S.glob,844,GH,12,sex?,D,25,3.736,SD-double checked,
558,S.glob,844,GH,12,sex?,D,25,3.512,SD-double checked,
559,S.glob,844,GH,12,sex?,D,25,3.677,SD-double checked,
560,S.glob,844,GH,12,sex?,D,25,3.436,SD-double checked,
561,S.glob,844,GH,12,sex?,D,19,2.752,SD-double checked,
562,S.glob,844,GH,172,sex?,D,25,3.336,SD-double checked,
563,S.glob,844,GH,172,sex?,D,25,3.269,SD-double checked,
564,S.glob,844,GH,172,sex?,D,25,3.388,SD-double checked,
565,S.glob,844,GH,172,sex?,D,25,3.019,SD-double checked,
566,S.glob,844,GH,172,sex?,D,20,2.72,SD-double checked,
567,S.glob,844,GH,172,sex?,D,25,3.55,SD-double checked,
568,S.glob,844,GH,172,sex?,D,25,3.582,SD-double checked,
569,S.glob,844,GH,172,sex?,D,25,3.366,SD-double checked,
570,S.glob,844,GH,172,sex?,D,25,3.261,SD-double checked,
571,S.glob,844,GH,172,sex?,D,25,3.251,SD-double checked,
572,S.glob,844,GH,172,sex?,D,25,3.49,SD-double checked,
573,S.glob,844,GH,172,sex?,D,25,3.254,SD-double checked,
574,S.glob,844,GH,172,sex?,D,25,3.235,SD-double checked,
575,S.glob,844,GH,172,sex?,D,25,3.191,SD-double checked,
576,S.glob,844,GH,172,sex?,D,25,3.138,SD-double checked,
577,S.glob,844,GH,172,sex?,D,25,3.188,SD-double checked,
578,S.glob,844,GH,172,sex?,D,25,3.025,SD-double checked,
579,S.glob,844,GH,172,sex?,D,25,3.107,SD-double checked,
580,S.glob,844,GH,172,sex?,D,3,0.389,SD-double checked,
581,S.glob,844,GH,68,sex?,D,25,3.724,SD-double checked,
582,S.glob,844,GH,68,sex?,D,25,3.403,SD-double checked,
583,S.glob,844,GH,68,sex?,D,25,3.437,SD-double checked,
584,S.glob,844,GH,68,sex?,D,25,3.6,SD-double checked,
585,S.glob,844,GH,68,sex?,D,25,3.611,SD-double checked,
586,S.glob,844,GH,68,sex?,D,25,3.634,SD-double checked,
587,S.glob,844,GH,68,sex?,D,25,3.578,SD-double checked,
588,S.glob,844,GH,68,sex?,D,25,3.493,SD-double checked,
589,S.glob,844,GH,68,sex?,D,25,3.378,SD-double checked,
590,S.glob,844,GH,68,sex?,D,25,3.375,SD-double checked,
591,S.glob,844,GH,68,sex?,D,25,3.171,SD-double checked,
592,S.glob,844,GH,68,sex?,D,25,3.531,SD-double checked,
593,S.glob,844,GH,68,sex?,D,25,3.261,SD-double checked,
594,S.glob,844,GH,68,sex?,D,25,3.353,SD-double checked,
595,S.glob,844,GH,68,sex?,D,25,3.163,SD-double checked,
596,S.glob,844,GH,68,sex?,D,25,3.196,SD-double checked,
597,S.glob,844,GH,68,sex?,D,25,3.162,SD-double checked,
598,S.glob,844,GH,68,sex?,D,25,3.235,SD-double checked,
599,S.glob,844,GH,68,sex?,D,2,0.199,SD-double checked,
600,S.glob,844,GH,105-01,sex?,D,25,5.053,SD-double checked,
601,S.glob,844,GH,105-01,sex?,D,25,5.548,SD-double checked,
602,S.glob,844,GH,105-01,sex?,D,25,5.292,SD-double checked,
603,S.glob,844,GH,105-01,sex?,D,25,5.206,SD-double checked,
604,S.glob,844,GH,105-01,sex?,D,25,4.958,SD-double checked,
605,S.glob,844,GH,105-01,sex?,D,25,5.557,SD-double checked,
606,S.glob,844,GH,105-01,sex?,D,25,5.143,SD-double checked,
607,S.glob,844,GH,105-01,sex?,D,25,5.486,SD-double checked,
608,S.glob,844,GH,105-01,sex?,D,25,4.314,SD-double checked,
609,S.glob,844,GH,105-01,sex?,D,25,4.779,SD-double checked,
610,S.glob,844,GH,105-01,sex?,D,25,4.563,SD-double checked,
611,S.glob,844,GH,105-01,sex?,D,25,4.563,SD-double checked,
612,S.glob,844,GH,105-01,sex?,D,25,4.974,SD-double checked,
613,S.glob,844,GH,105-01,sex?,D,25,5.858,SD-double checked,
614,S.glob,844,GH,105-01,sex?,D,13,2.764,SD-double checked,
615,S.apok,865,GH,1,F,D,25,1.63,SD-double checked,
616,S.apok,865,GH,1,F,D,25,1.9,SD-double checked,
617,S.apok,865,GH,1,F,D,25,1.99,SD-double checked,
618,S.apok,865,GH,1,F,D,25,1.85,SD-double checked,
619,S.apok,865,GH,1,F,D,25,1.78,SD-double checked,
620,S.apok,865,GH,1,F,D,25,1.82,SD-double checked,
621,S.apok,865,GH,1,F,D,25,1.93,SD-double checked,
622,S.apok,865,GH,1,F,D,25,1.97,SD-double checked,
623,S.apok,865,GH,1,F,D,25,1.99,SD-double checked,
624,S.apok,865,GH,1,F,D,25,1.75,SD-double checked,
625,S.apok,865,GH,1,F,D,17,1.31,SD-double checked,
626,S.apok,865,GH,5,F,D,12,1.19,SD-double checked,
627,S.apok,865,GH,65,F,D,25,2.02,SD-double checked,
628,S.apok,865,GH,65,F,D,25,2.06,SD-double checked,
629,S.apok,865,GH,65,F,D,25,2.13,SD-double checked,
630,S.apok,865,GH,65,F,D,25,1.93,SD-double checked,
631,S.apok,865,GH,65,F,D,25,2.08,SD-double checked,
632,S.apok,865,GH,65,F,D,1,0.09,SD-double checked,
633,S.apok,865,GH,59,F,D,25,0.91,SD-double checked,
634,S.apok,865,GH,59,F,D,23,0.99,SD-double checked,
635,S.apok,865,GH,17,F,D,25,1.7,SD-double checked,
636,S.apok,865,GH,17,F,D,20,1.31,SD-double checked,
637,S.apok,865,GH,51,F,D,25,2.32,SD-double checked,
638,S.apok,865,GH,51,F,D,25,2.39,SD-double checked,
639,S.apok,865,GH,51,F,D,25,2.39,SD-double checked,
640,S.apok,865,GH,51,F,D,25,2.52,SD-double checked,
641,S.apok,865,GH,51,F,D,25,2.45,SD-double checked,
642,S.apok,865,GH,51,F,D,25,2.31,SD-double checked,
643,S.apok,865,GH,51,F,D,17,1.58,SD-double checked,
644,S.apok,865,GH,51,F,D,25,1.9,SD-double checked,
645,S.apok,865,GH,51,F,D,25,1.93,SD-double checked,
646,S.apok,865,GH,51,F,D,25,1.93,SD-double checked,
647,S.apok,865,GH,51,F,D,25,2.01,SD-double checked,
648,S.apok,865,GH,51,F,D,25,1.86,SD-double checked,
649,S.apok,865,GH,51,F,D,25,1.92,SD-double checked,
650,S.apok,865,GH,51,F,D,25,1.92,SD-double checked,
651,S.apok,865,GH,51,F,D,25,1.88,SD-double checked,
652,S.apok,865,GH,51,F,D,25,1.87,SD-double checked,
653,S.apok,865,GH,51,F,D,17,1.09,SD-double checked,
654,S.apok,865,GH,51,F,D,25,2.03,SD-double checked,
655,S.apok,865,GH,63,F,D,25,2.05,SD-double checked,
656,S.apok,865,GH,63,F,D,4,0.32,SD-double checked,
657,S.diff,848,GH,1989-1,H,W,25,8.32,SD-double checked,
658,S.diff,848,GH,1989-1,H,W,22,7.44,SD-double checked,
659,S.diff,848,GH,1,H,W,25,8.07,SD-double checked,
660,S.diff,848,GH,1,H,W,25,8.54,SD-double checked,
661,S.diff,848,GH,1,H,W,25,8.4,SD-double checked,
662,S.diff,848,GH,1,H,W,25,8.11,SD-double checked,
663,S.diff,848,GH,1,H,W,25,7.88,SD-double checked,
664,S.diff,848,GH,1,H,W,25,8.44,SD-double checked,
665,S.diff,848,GH,1,H,W,25,8.11,SD-double checked,
666,S.diff,848,GH,1,H,W,25,8.24,SD-double checked,
667,S.diff,848,GH,1,H,W,25,7.65,SD-double checked,
668,S.diff,848,GH,1,H,W,25,8.9,SD-double checked,
669,S.diff,848,GH,85,H,W,25,10.08,SD-double checked,
670,S.diff,848,GH,85,H,W,25,10.09,SD-double checked,
671,S.diff,848,GH,85,H,W,25,10.26,SD-double checked,
672,S.diff,848,GH,85,H,W,25,10.56,SD-double checked,
673,S.diff,848,GH,85,H,W,25,10.47,SD-double checked,
674,S.diff,848,GH,85,H,W,25,10.27,SD-double checked,
675,S.diff,848,GH,85,H,W,25,10.67,SD-double checked,
676,S.diff,848,GH,85,H,W,25,10.1,SD-double checked,
677,S.diff,848,GH,85,H,W,25,10.38,SD-double checked,
678,S.diff,848,GH,85,H,W,25,10.21,SD-double checked,
679,S.diff,848,GH,85,H,W,16,6.81,SD-double checked,
680,S.diff,848,GH,100,H,W,25,11.25,SD-double checked,
681,S.diff,848,GH,100,H,W,25,10.72,SD-double checked,
682,S.diff,848,GH,100,H,W,25,11.07,SD-double checked,
683,S.diff,848,GH,100,H,W,25,11.2,SD-double checked,
684,S.diff,848,GH,100,H,W,25,10.35,SD-double checked,
685,S.diff,848,GH,100,H,W,25,11.1,SD-double checked,
686,S.diff,848,GH,100,H,W,25,10.57,SD-double checked,
687,S.diff,848,GH,100,H,W,25,11.08,SD-double checked,
688,S.diff,848,GH,100,H,W,25,11.16,SD-double checked,
689,S.diff,848,GH,100,H,W,25,11.03,SD-double checked,
690,S.diff,848,GH,100,H,W,25,11.04,SD-double checked,
691,S.diff,848,GH,100,H,W,25,11.49,SD-double checked,
692,S.diff,848,GH,100,H,W,22,9.56,SD-double checked,
693,S.hook,794,Field,21,H,M,25,2.38,SD-double checked,
694,S.hook,794,Field,21,H,M,25,2.58,SD-double checked,
695,S.hook,794,Field,21,H,M,25,2.61,SD-double checked,
696,S.hook,794,Field,21,H,M,25,2.54,SD-double checked,
697,S.hook,794,Field,21,H,M,25,2.52,SD-double checked,
698,S.hook,794,Field,21,H,M,25,2.65,SD-double checked,
699,S.hook,794,Field,21,H,M,25,2.57,SD-double checked,
700,S.hook,794,Field,21,H,M,25,2.58,SD-double checked,
701,S.hook,794,Field,21,H,M,25,2.45,SD-double checked,
702,S.hook,794,Field,21,H,M,25,2.51,SD-double checked,
703,S.hook,794,Field,21,H,M,25,2.55,SD-double checked,
704,S.hook,794,Field,21,H,M,25,2.46,SD-double checked,
705,S.hook,794,Field,21,H,M,25,2.24,SD-double checked,
706,S.hook,794,Field,21,H,M,25,2.39,SD-double checked,
707,S.hook,794,Field,21,H,M,25,2.5,SD-double checked,
708,S.hook,794,Field,21,H,M,25,2.49,SD-double checked,
709,S.hook,794,Field,22,H,M,25,2.41,SD-double checked,
710,S.hook,794,Field,22,H,M,25,2.45,SD-double checked,
711,S.hook,794,Field,22,H,M,25,2.4,SD-double checked,
712,S.hook,794,Field,22,H,M,25,2.43,SD-double checked,
713,S.hook,794,Field,22,H,M,25,2.32,SD-double checked,
714,S.hook,794,Field,22,H,M,25,2.26,SD-double checked,
715,S.hook,794,Field,22,H,M,25,2.39,SD-double checked,
716,S.hook,794,Field,22,H,M,25,2.36,SD-double checked,
717,S.hook,794,Field,22,H,M,25,2.45,SD-double checked,
718,S.hook,794,Field,22,H,M,25,2.57,SD-double checked,
719,S.hook,794,Field,18,H,M,25,1.81,SD-double checked,
720,S.hook,794,Field,18,H,M,25,1.97,SD-double checked,
721,S.hook,794,Field,18,H,M,2,0.11,SD-double checked,
722,S.hook,794,Field,18,H,M,13,0.56,SD-double checked,
723,S.hook,794,Field,18,H,M,1,0.07,SD-double checked,
724,S.hook,794,Field,16,H,M,25,1.9,SD-double checked,
725,S.hook,794,Field,16,H,M,25,2.24,SD-double checked,
726,S.hook,794,Field,16,H,M,22,1.15,SD-double checked,
727,S.hook,794,Field,16,H,M,25,1.56,SD-double checked,
728,S.hook,794,Field,16,H,M,24,1.71,SD-double checked,
729,S.hook,794,Field,16,H,M,25,1.91,SD-double checked,
730,S.hook,794,Field,16,H,M,7,0.46,SD-double checked,
731,S.hook,794,Field,16,H,M,25,2.07,SD-double checked,
732,S.hook,794,Field,16,H,M,3,0.2,SD-double checked,
733,S.hook,794,Field,2,H,M,25,2.16,SD-double checked,
734,S.hook,794,Field,2,H,M,25,1.94,SD-double checked,
735,S.hook,794,Field,2,H,M,25,2.03,SD-double checked,
736,S.hook,794,Field,2,H,M,25,2.17,SD-double checked,
737,S.hook,794,Field,2,H,M,17,1.51,SD-double checked,
738,S.hook,794,Field,2,H,M,25,2.26,SD-double checked,
739,S.hook,794,Field,2,H,M,7,0.51,SD-double checked,
740,S.kaal,3587,GH,1,H,M,25,10.77,SD-double checked,
741,S.kaal,3587,GH,1,H,M,25,10.44,SD-double checked,
742,S.kaal,3587,GH,1,H,M,25,10.04,SD-double checked,
743,S.kaal,3587,GH,1,H,M,25,10.88,SD-double checked,
744,S.kaal,3587,GH,1,H,M,25,9.83,SD-double checked,
745,S.kaal,3587,GH,1,H,M,25,10.15,SD-double checked,
746,S.kaal,3587,GH,1,H,M,25,10.02,SD-double checked,
747,S.kaal,3587,GH,1,H,M,25,10.29,SD-double checked,
748,S.kaal,3587,GH,1,H,M,10,4.07,SD-double checked,
749,S.kaal,3587,GH,1,H,M,25,10.592,SD-double checked,
750,S.kaal,3587,GH,1,H,M,25,10.206,SD-double checked,
751,S.kaal,3587,GH,1,H,M,6,2.566,SD-double checked,
752,S.keal,791,Field,50,F,D,25,2.13,SD-double checked,
753,S.keal,791,Field,50,F,D,25,2.18,SD-double checked,
754,S.keal,791,Field,50,F,D,25,2.2,SD-double checked,
755,S.keal,791,Field,50,F,D,25,2.11,SD-double checked,
756,S.keal,791,Field,50,F,D,25,2.22,SD-double checked,
757,S.keal,791,Field,50,F,D,25,2.13,SD-double checked,
758,S.keal,791,Field,50,F,D,25,2.23,SD-double checked,
759,S.keal,791,Field,50,F,D,25,2.09,SD-double checked,
760,S.keal,791,Field,50,F,D,25,2.29,SD-double checked,
761,S.keal,791,Field,50,F,D,25,2.21,SD-double checked,
762,S.keal,791,Field,20,F,D,25,2.22,SD-double checked,
763,S.keal,791,Field,20,F,D,25,1.65,SD-double checked,
764,S.keal,791,Field,20,F,D,25,1.92,SD-double checked,
765,S.keal,791,Field,20,F,D,25,1.94,SD-double checked,
766,S.keal,791,Field,20,F,D,25,1.96,SD-double checked,
767,S.keal,791,Field,20,F,D,25,1.68,SD-double checked,
768,S.keal,791,Field,20,F,D,25,1.86,SD-double checked,
769,S.keal,791,Field,20,F,D,25,2.34,SD-double checked,
770,S.keal,791,Field,20,F,D,25,1.85,SD-double checked,
771,S.keal,791,Field,20,F,D,25,1.92,SD-double checked,
772,S.keal,791,Field,54,F,D,25,1.82,SD-double checked,
773,S.keal,791,Field,54,F,D,25,2.14,SD-double checked,
774,S.keal,791,Field,54,F,D,25,1.8,SD-double checked,
775,S.keal,791,Field,54,F,D,25,1.43,SD-double checked,
776,S.keal,791,Field,54,F,D,25,1.7,SD-double checked,
777,S.keal,791,Field,54,F,D,2,0.12,SD-double checked,
778,S.keal,791,Field,55,sex?,D,25,2.64,SD-double checked,"Produced seeds, no flowers ever observed"
779,S.keal,791,Field,55,sex?,D,25,2.82,SD-double checked,
780,S.keal,791,Field,55,sex?,D,25,2.89,SD-double checked,
781,S.keal,791,Field,55,sex?,D,25,2.91,SD-double checked,
782,S.keal,791,Field,55,sex?,D,25,2.65,SD-double checked,
783,S.keal,791,Field,55,sex?,D,25,2.7,SD-double checked,
784,S.keal,791,Field,55,sex?,D,25,2.77,SD-double checked,
785,S.keal,791,Field,55,sex?,D,25,2.85,SD-double checked,
786,S.keal,791,Field,55,sex?,D,25,2.88,SD-double checked,
787,S.keal,791,Field,55,sex?,D,25,2.84,SD-double checked,
788,S.keal,791,Field,97,H,D,25,2.17,SD-double checked,
789,S.keal,791,Field,97,H,D,25,2.2,SD-double checked,
790,S.keal,791,Field,97,H,D,25,2.35,SD-double checked,
791,S.keal,791,Field,97,H,D,25,2.45,SD-double checked,
792,S.keal,791,Field,97,H,D,25,2.55,SD-double checked,
793,S.keal,791,Field,97,H,D,25,2.64,SD-double checked,
794,S.keal,791,Field,97,H,D,25,2.7,SD-double checked,
795,S.keal,791,Field,97,H,D,25,2.21,SD-double checked,
796,S.keal,791,Field,97,H,D,25,2.53,SD-double checked,
797,S.keal,791,Field,97,H,D,25,2.47,SD-double checked,
798,S.keal,791,Field,19,H?,D,25,1.84,SD-double checked,
799,S.keal,791,Field,19,H?,D,25,1.73,SD-double checked,
800,S.keal,791,Field,19,H?,D,25,1.83,SD-double checked,
801,S.keal,791,Field,19,H?,D,25,1.85,SD-double checked,
802,S.keal,791,Field,19,H?,D,25,1.93,SD-double checked,
803,S.keal,791,Field,19,H?,D,25,1.66,SD-double checked,
804,S.keal,791,Field,19,H?,D,25,1.82,SD-double checked,
805,S.keal,791,Field,19,H?,D,25,1.76,SD-double checked,
806,S.keal,791,Field,19,H?,D,25,1.51,SD-double checked,
807,S.keal,791,Field,19,H?,D,25,1.41,SD-double checked,
808,S.ligu,859,GH,3,H,D,25,4.73,SD-double checked,
809,S.ligu,859,GH,3,H,D,25,3.96,SD-double checked,
810,S.ligu,859,GH,3,H,D,25,4.18,SD-double checked,
811,S.ligu,859,GH,3,H,D,25,4.42,SD-double checked,
812,S.ligu,859,GH,3,H,D,25,4.55,SD-double checked,
813,S.ligu,859,GH,3,H,D,25,4.72,SD-double checked,
814,S.ligu,859,GH,3,H,D,25,3.83,SD-double checked,
815,S.ligu,859,GH,3,H,D,25,3.56,SD-double checked,
816,S.ligu,859,GH,3,H,D,25,3.7,SD-double checked,
817,S.ligu,859,GH,3,H,D,25,4.6,SD-double checked,
818,S.ligu,859,GH,3,H,D,25,4.53,SD-double checked,
819,S.ligu,859,GH,3,H,D,25,4.93,SD-double checked,
820,S.ligu,859,GH,3,H,D,1,0.15,SD-double checked,
821,S.mann,793,GH,5.3,H,D,25,2.7,SD-double checked,
822,S.mann,793,GH,5.3,H,D,25,2.85,SD-double checked,
823,S.mann,793,GH,5.3,H,D,25,2.72,SD-double checked,
824,S.mann,793,GH,5.3,H,D,25,2.79,SD-double checked,
825,S.mann,793,GH,5.3,H,D,23,2.73,SD-double checked,
826,S.mann,793,GH,6,H,D,25,3.39,SD-double checked,
827,S.mann,793,GH,6,H,D,25,3.64,SD-double checked,
828,S.mann,793,GH,6,H,D,25,3.53,SD-double checked,
829,S.mann,793,GH,6,H,D,25,3.43,SD-double checked,
830,S.mann,793,GH,6,H,D,6,0.85,SD-double checked,
831,S.memb,864,GH,99,H,M,25,4.072,SD-double checked,
832,S.memb,864,GH,99,H,M,25,3.331,SD-double checked,
833,S.memb,864,GH,99,H,M,25,3.465,SD-double checked,
834,S.memb,864,GH,99,H,M,25,3.503,SD-double checked,
835,S.memb,864,GH,99,H,M,25,3.47,SD-double checked,
836,S.memb,864,GH,99,H,M,25,3.548,SD-double checked,
837,S.memb,864,GH,99,H,M,25,3.476,SD-double checked,
838,S.memb,864,GH,99,H,M,25,3.485,SD-double checked,
839,S.memb,864,GH,99,H,M,25,3.428,SD-double checked,
840,S.memb,864,GH,99,H,M,25,3.773,SD-double checked,
841,S.memb,864,GH,99,H,M,4,0.61,SD-double checked,
842,S.memb,864,GH,99,H,M,25,3.069,SD-double checked,
843,S.memb,864,GH,99,H,M,25,3.65,SD-double checked,
844,S.memb,864,GH,99,H,M,11,1.853,SD-double checked,
845,S.memb,864,GH,1,H,M,25,3.744,SD-double checked,
846,S.memb,864,GH,1,H,M,25,3.597,SD-double checked,
847,S.memb,864,GH,1,H,M,25,3.938,SD-double checked,
848,S.memb,864,GH,1,H,M,25,3.82,SD-double checked,
849,S.memb,864,GH,1,H,M,25,3.595,SD-double checked,
850,S.memb,864,GH,1,H,M,25,3.405,SD-double checked,
851,S.memb,864,GH,1,H,M,25,3.03,SD-double checked,
852,S.memb,864,GH,1,H,M,25,3.198,SD-double checked,
853,S.memb,864,GH,1,H,M,25,2.855,SD-double checked,
854,S.memb,864,GH,1,H,M,25,3.754,SD-double checked,
855,S.memb,864,GH,1,H,M,25,4.012,SD-double checked,
856,S.memb,864,GH,1,H,M,25,3.6,SD-double checked,
857,S.memb,864,GH,1,H,M,25,4.075,SD-double checked,
858,S.memb,864,GH,1,H,M,25,4.119,SD-double checked,
859,S.memb,864,GH,1,H,M,25,3.433,SD-double checked,
860,S.memb,864,GH,6,H,M,25,3.94,SD-double checked,
861,S.memb,864,GH,6,H,M,25,4.107,SD-double checked,
862,S.memb,864,GH,6,H,M,25,3.635,SD-double checked,
863,S.memb,864,GH,6,H,M,25,3.731,SD-double checked,
864,S.memb,864,GH,6,H,M,25,4.033,SD-double checked,
865,S.memb,864,GH,6,H,M,25,3.824,SD-double checked,
866,S.memb,864,GH,6,H,M,25,4.115,SD-double checked,
867,S.memb,864,GH,6,H,M,25,3.795,SD-double checked,
868,S.memb,864,GH,6,H,M,25,4.1,SD-double checked,
869,S.memb,864,GH,6,H,M,25,4.004,SD-double checked,
870,S.memb,864,GH,6,H,M,25,4.119,SD-double checked,
871,S.memb,864,GH,6,H,M,25,3.936,SD-double checked,
872,S.memb,864,GH,6,H,M,25,4.083,SD-double checked,
873,S.memb,864,GH,6,H,M,25,4.072,SD-double checked,
874,S.memb,864,GH,10,H,M,25,5.287,SD-double checked,
875,S.memb,864,GH,10,H,M,25,5.157,SD-double checked,
876,S.memb,864,GH,10,H,M,2,0.41,SD-double checked,
877,S.memb,864,GH,18,H,M,25,4.524,SD-double checked,
878,S.memb,864,GH,18,H,M,25,4.175,SD-double checked,
879,S.memb,864,GH,18,H,M,25,4.519,SD-double checked,
880,S.memb,864,GH,18,H,M,25,4.47,SD-double checked,
881,S.memb,864,GH,18,H,M,25,4.357,SD-double checked,
882,S.memb,864,GH,18,H,M,25,4.316,SD-double checked,
883,S.memb,864,GH,18,H,M,25,3.841,SD-double checked,
884,S.memb,864,GH,18,H,M,8,1.483,SD-double checked,
885,S.menz,849,GH,1.1,H,D,25,3,SD-double checked,
886,S.menz,849,GH,1.1,H,D,25,2.724,SD-double checked,
887,S.menz,849,GH,1.1,H,D,25,2.712,SD-double checked,
888,S.menz,849,GH,1.1,H,D,25,3.093,SD-double checked,
889,S.menz,849,GH,1.1,H,D,25,2.674,SD-double checked,
890,S.menz,849,GH,1.1,H,D,25,3.072,SD-double checked,
891,S.menz,849,GH,1.1,H,D,25,3.068,SD-double checked,
892,S.menz,849,GH,1.1,H,D,25,2.965,SD-double checked,
893,S.menz,849,GH,1.1,H,D,25,2.956,SD-double checked,
894,S.menz,849,GH,1.1,H,D,25,2.937,SD-double checked,
895,S.menz,849,GH,1.1,H,D,25,2.858,SD-double checked,
896,S.menz,849,GH,1.1,H,D,25,2.552,SD-double checked,
897,S.menz,849,GH,1.1,H,D,25,2.858,SD-double checked,
898,S.menz,849,GH,1.1,H,D,25,2.876,SD-double checked,
899,S.menz,849,GH,1.1,H,D,25,2.991,SD-double checked,
900,S.menz,849,GH,1.1,H,D,25,3.131,SD-double checked,
901,S.menz,849,GH,1.1,H,D,25,2.81,SD-double checked,
902,S.menz,849,GH,1.1,H,D,25,2.693,SD-double checked,
903,S.menz,849,GH,1.1,H,D,25,3.228,SD-double checked,
904,S.menz,849,GH,1.1,H,D,25,2.758,SD-double checked,
905,S.menz,849,GH,1.1,H,D,25,2.559,SD-double checked,
906,S.menz,849,GH,1.1,H,D,25,2.627,SD-double checked,
907,S.menz,849,GH,1.1,H,D,25,2.818,SD-double checked,
908,S.menz,849,GH,1.1,H,D,25,2.655,SD-double checked,
909,S.menz,849,GH,1.1,H,D,25,2.767,SD-double checked,
910,S.menz,849,GH,1.1,H,D,5,0.581,SD-double checked,
911,S.menz,849,GH,1.3,H,D,25,3.031,SD-double checked,
912,S.menz,849,GH,1.3,H,D,25,3.171,SD-double checked,
913,S.menz,849,GH,1.3,H,D,25,3.166,SD-double checked,
914,S.menz,849,GH,1.3,H,D,25,2.945,SD-double checked,
915,S.menz,849,GH,1.3,H,D,25,3.291,SD-double checked,
916,S.menz,849,GH,1.3,H,D,25,3.069,SD-double checked,
917,S.menz,849,GH,1.3,H,D,25,3.033,SD-double checked,
918,S.menz,849,GH,1.3,H,D,25,2.747,SD-double checked,
919,S.menz,849,GH,1.3,H,D,25,3.363,SD-double checked,
920,S.menz,849,GH,1.3,H,D,25,3.173,SD-double checked,
929,S.menz,849,GH,1.6,H,D,25,3.949,SD-double checked,
930,S.menz,849,GH,1.6,H,D,25,3.431,SD-double checked,
931,S.menz,849,GH,1.6,H,D,25,3.894,SD-double checked,
932,S.menz,849,GH,1.6,H,D,25,3.972,SD-double checked,
933,S.menz,849,GH,1.6,H,D,25,3.866,SD-double checked,
934,S.menz,849,GH,1.6,H,D,25,4.016,SD-double checked,
935,S.menz,849,GH,1.6,H,D,25,3.655,SD-double checked,
936,S.menz,849,GH,1.6,H,D,25,3.869,SD-double checked,
937,S.menz,849,GH,1.6,H,D,25,4.421,SD-double checked,Not mixed well?
938,S.menz,849,GH,1.6,H,D,25,4.657,SD-double checked,Not mixed well?
939,S.menz,849,GH,1.6,H,D,25,4.002,SD-double checked,
940,S.menz,849,GH,1.6,H,D,25,3.817,SD-double checked,
941,S.menz,849,GH,1.6,H,D,25,3.548,SD-double checked,
942,S.menz,849,GH,1.6,H,D,25,4.008,SD-double checked,
943,S.menz,849,GH,1.6,H,D,25,3.868,SD-double checked,
944,S.menz,849,GH,1.6,H,D,25,4.009,SD-double checked,
945,S.menz,849,GH,1.6,H,D,25,3.921,SD-double checked,
946,S.menz,849,GH,1.6,H,D,6,0.809,SD-double checked,
947,S.menz,849,GH,1.9,H,D,25,3.194,SD-double checked,
948,S.menz,849,GH,1.9,H,D,25,2.939,SD-double checked,
949,S.menz,849,GH,1.9,H,D,25,3.092,SD-double checked,
950,S.menz,849,GH,1.9,H,D,25,3.024,SD-double checked,
951,S.menz,849,GH,1.9,H,D,25,3.005,SD-double checked,
952,S.menz,849,GH,1.9,H,D,25,2.862,SD-double checked,
953,S.menz,849,GH,1.9,H,D,25,2.824,SD-double checked,
954,S.menz,849,GH,1.9,H,D,25,2.939,SD-double checked,
955,S.menz,849,GH,1.9,H,D,25,3.221,SD-double checked,
956,S.menz,849,GH,1.9,H,D,25,2.614,SD-double checked,
957,S.menz,849,GH,1.10.,H,D,25,2.287,SD-double checked,
958,S.menz,849,GH,1.10.,H,D,25,2.347,SD-double checked,
959,S.menz,849,GH,1.10.,H,D,25,2.573,SD-double checked,
960,S.menz,849,GH,1.10.,H,D,25,2.313,SD-double checked,
961,S.menz,849,GH,1.10.,H,D,25,2.491,SD-double checked,
962,S.menz,849,GH,1.10.,H,D,25,2.181,SD-double checked,
963,S.menz,849,GH,1.10.,H,D,25,2.505,SD-double checked,
964,S.menz,849,GH,1.10.,H,D,25,2.243,SD-double checked,
965,S.menz,849,GH,1.10.,H,D,25,2.407,SD-double checked,
966,S.menz,849,GH,1.10.,H,D,18,1.626,SD-double checked,
967,S.menz,849,GH,1.10.,H,D,25,2.289,SD-double checked,
968,S.menz,849,GH,1.10.,H,D,25,2.002,SD-double checked,
969,S.menz,849,GH,1.10.,H,D,25,2.083,SD-double checked,
970,S.menz,849,GH,1.10.,H,D,25,2.191,SD-double checked,
971,S.menz,849,GH,1.10.,H,D,25,2.253,SD-double checked,
972,S.menz,849,GH,1.10.,H,D,19,1.593,SD-double checked,
973,S.menz,849,GH,2.2,H,D,25,2.868,SD-double checked,
974,S.menz,849,GH,2.2,H,D,25,2.825,SD-double checked,
975,S.menz,849,GH,2.2,H,D,25,3.318,SD-double checked,
976,S.menz,849,GH,2.2,H,D,25,3.273,SD-double checked,
977,S.menz,849,GH,2.2,H,D,25,2.961,SD-double checked,
978,S.menz,849,GH,2.2,H,D,25,3.052,SD-double checked,
979,S.menz,849,GH,2.2,H,D,25,3.106,SD-double checked,
980,S.menz,849,GH,2.2,H,D,25,2.829,SD-double checked,
981,S.menz,849,GH,2.2,H,D,25,2.958,SD-double checked,
982,S.menz,849,GH,2.2,H,D,25,3.111,SD-double checked,
983,S.menz,849,GH,2.2,H,D,25,3.094,SD-double checked,
984,S.menz,849,GH,2.2,H,D,25,2.723,SD-double checked,
985,S.menz,849,GH,2.2,H,D,25,3.141,SD-double checked,
986,S.menz,849,GH,2.2,H,D,25,3.324,SD-double checked,
987,S.menz,849,GH,2.2,H,D,25,3.112,SD-double checked,
988,S.nutt,861,GH,6,H,M,25,3.933,SD-double checked,
989,S.nutt,861,GH,6,H,M,25,3.981,SD-double checked,
990,S.nutt,861,GH,6,H,M,25,4.119,SD-double checked,
991,S.nutt,861,GH,6,H,M,25,4.258,SD-double checked,
992,S.nutt,861,GH,6,H,M,25,4.377,SD-double checked,
993,S.nutt,861,GH,6,H,M,25,4.213,SD-double checked,
994,S.nutt,861,GH,6,H,M,25,4.241,SD-double checked,
995,S.nutt,861,GH,6,H,M,25,3.923,SD-double checked,
996,S.nutt,861,GH,6,H,M,25,3.971,SD-double checked,
997,S.nutt,861,GH,6,H,M,25,4.087,SD-double checked,
998,S.nutt,861,GH,7,H,M,25,4.956,SD-double checked,
999,S.nutt,861,GH,7,H,M,25,5.362,SD-double checked,
1000,S.nutt,861,GH,7,H,M,25,5.844,SD-double checked,
1001,S.nutt,861,GH,7,H,M,25,5.187,SD-double checked,
1002,S.nutt,861,GH,7,H,M,25,5.277,SD-double checked,
1003,S.nutt,861,GH,7,H,M,25,5.608,SD-double checked,
1004,S.nutt,861,GH,7,H,M,25,5.584,SD-double checked,
1005,S.nutt,861,GH,7,H,M,19,3.8,SD-double checked,
1006,S.nutt,861,GH,7,H,M,25,4.202,SD-double checked,
1007,S.nutt,861,GH,7,H,M,13,1.878,SD-double checked,
1008,S.nutt,861,GH,9,H,M,25,4.907,SD-double checked,
1009,S.nutt,861,GH,9,H,M,25,5.049,SD-double checked,
1010,S.nutt,861,GH,9,H,M,25,5.084,SD-double checked,
1011,S.nutt,861,GH,9,H,M,25,4.918,SD-double checked,
1012,S.nutt,861,GH,9,H,M,25,5.026,SD-double checked,
1013,S.nutt,861,GH,9,H,M,25,5.228,SD-double checked,
1014,S.nutt,861,GH,9,H,M,25,5.166,SD-double checked,
1015,S.nutt,861,GH,9,H,M,25,5.237,SD-double checked,
1016,S.nutt,861,GH,9,H,M,25,5.063,SD-double checked,
1017,S.nutt,861,GH,9,H,M,25,5.131,SD-double checked,
1018,S.nutt,861,GH,10,H,M,25,3.448,SD-double checked,
1019,S.nutt,861,GH,10,H,M,25,3.532,SD-double checked,
1020,S.nutt,861,GH,10,H,M,25,3.661,SD-double checked,
1021,S.nutt,861,GH,10,H,M,25,3.683,SD-double checked,
1022,S.nutt,861,GH,10,H,M,25,3.47,SD-double checked,
1023,S.nutt,861,GH,10,H,M,25,3.62,SD-double checked,
1024,S.nutt,861,GH,10,H,M,25,3.698,SD-double checked,
1025,S.nutt,861,GH,10,H,M,25,3.32,SD-double checked,
1026,S.nutt,861,GH,10,H,M,25,3.371,SD-double checked,
1027,S.nutt,861,GH,10,H,M,25,3.175,SD-double checked,
1028,S.nutt,861,GH,16,H,M,25,3.892,SD-double checked,
1029,S.nutt,861,GH,16,H,M,25,3.96,SD-double checked,
1030,S.nutt,861,GH,16,H,M,25,3.967,SD-double checked,
1031,S.nutt,861,GH,16,H,M,25,4.163,SD-double checked,
1032,S.nutt,861,GH,16,H,M,25,4.275,SD-double checked,
1033,S.nutt,861,GH,16,H,M,25,4.145,SD-double checked,
1034,S.nutt,861,GH,16,H,M,25,4.076,SD-double checked,
1035,S.nutt,861,GH,16,H,M,25,3.978,SD-double checked,
1036,S.nutt,861,GH,16,H,M,25,4.02,SD-double checked,
1037,S.nutt,861,GH,16,H,M,25,4.062,SD-double checked,
1038,S.sper,863,GH,5,F,D,25,1.714,SD-double checked,
1039,S.sper,863,GH,5,F,D,25,1.806,SD-double checked,
1040,S.sper,863,GH,5,F,D,25,1.71,SD-double checked,
1041,S.sper,863,GH,5,F,D,25,1.764,SD-double checked,
1042,S.sper,863,GH,5,F,D,25,1.713,SD-double checked,
1043,S.sper,863,GH,5,F,D,25,1.642,SD-double checked,
1044,S.sper,863,GH,5,F,D,25,1.793,SD-double checked,
1045,S.sper,863,GH,5,F,D,25,1.846,SD-double checked,
1046,S.sper,863,GH,5,F,D,25,1.714,SD-double checked,
1047,S.sper,863,GH,5,F,D,25,1.625,SD-double checked,
1048,S.vert ,880,GH,1,H,D,25,4.927,SD-double checked,seeds from selfs
1049,S.vert ,880,GH,1,H,D,25,4.656,SD-double checked,
1050,S.vert ,880,GH,1,H,D,25,4.951,SD-double checked,
1051,S.vert ,880,GH,1,H,D,25,4.785,SD-double checked,
1052,S.vert ,880,GH,1,H,D,25,4.758,SD-double checked,
1053,S.vert ,880,GH,1,H,D,25,4.659,SD-double checked,
1054,S.vert ,880,GH,1,H,D,25,4.723,SD-double checked,
1055,S.vert ,880,GH,1,H,D,25,4.665,SD-double checked,
1056,S.vert ,880,GH,1,H,D,25,4.748,SD-double checked,
1057,S.vert ,880,GH,1,H,D,25,4.675,SD-double checked,
1058,S.lych ,867,GH,12,H,W,25,6.358,SD-double checked,
1059,S.lych ,867,GH,12,H,W,25,6.287,SD-double checked,
1060,S.lych ,867,GH,12,H,W,25,6.245,SD-double checked,
1061,S.lych ,867,GH,12,H,W,25,6.107,SD-double checked,
1062,S.lych ,867,GH,12,H,W,25,6.378,SD-double checked,
1063,S.lych ,867,GH,12,H,W,25,6.233,SD-double checked,
1064,S.lych ,867,GH,12,H,W,25,6.344,SD-double checked,
1065,S.lych ,867,GH,12,H,W,25,5.906,SD-double checked,
1066,S.lych ,867,GH,12,H,W,25,6.268,SD-double checked,
1067,S.lych ,867,GH,12,H,W,25,6.556,SD-double checked,
1068,S.lych ,867,GH,23,H,W,25,5.772,SD-double checked,
1069,S.lych ,867,GH,23,H,W,25,5.723,SD-double checked,
1070,S.lych ,867,GH,23,H,W,25,5.085,SD-double checked,
1071,S.lych ,867,GH,23,H,W,25,5.531,SD-double checked,
1072,S.lych ,867,GH,23,H,W,25,6.165,SD-double checked,
1073,S.lych ,867,GH,23,H,W,25,6.121,SD-double checked,
1074,S.lych ,867,GH,23,H,W,25,5.364,SD-double checked,
1075,S.lych ,867,GH,23,H,W,25,5.433,SD-double checked,
1076,S.lych ,867,GH,23,H,W,25,6.106,SD-double checked,
1077,S.lych ,867,GH,23,H,W,25,6.194,SD-double checked,
1078,S.obov,868,GH,3,H,M,25,13.439,SD-double checked,
1079,S.obov,868,GH,3,H,M,25,13.456,SD-double checked,
1080,S.obov,868,GH,3,H,M,25,12.065,SD-double checked,
1081,S.obov,868,GH,3,H,M,25,13.342,SD-double checked,
1082,S.obov,868,GH,3,H,M,25,11.996,SD-double checked,
1083,S.obov,868,GH,3,H,M,25,12.328,SD-double checked,
1084,S.obov,868,GH,3,H,M,25,12.716,SD-double checked,
1085,S.obov,868,GH,3,H,M,25,13.426,SD-double checked,
1086,S.obov,868,GH,3,H,M,25,12.98,SD-double checked,
1087,S.obov,868,GH,3,H,M,25,13.282,SD-double checked,
1088,S.obov,868,GH,5,H,M,25,10.832,SD-double checked,
1089,S.obov,868,GH,5,H,M,25,11.99,SD-double checked,
1090,S.obov,868,GH,5,H,M,25,13.216,SD-double checked,
1091,S.obov,868,GH,5,H,M,25,13.738,SD-double checked,
1092,S.obov,868,GH,5,H,M,25,13.107,SD-double checked,
1093,S.obov,868,GH,5,H,M,25,14.043,SD-double checked,
1094,S.obov,868,GH,5,H,M,25,13.294,SD-double checked,
1095,S.obov,868,GH,5,H,M,25,14.191,SD-double checked,
1096,S.obov,868,GH,5,H,M,25,14.506,SD-double checked,
1097,S.obov,868,GH,5,H,M,25,12.569,SD-double checked,
1098,S.obov,868,GH,7,H,M,25,13.28,SD-double checked,"Note ""from other sheet"""
1099,S.obov,868,GH,7,H,M,25,12.53,SD-double checked,"Note ""from other sheet"""
1100,S.obov,868,GH,7,H,M,25,12.45,SD-double checked,"Note ""from other sheet"""
1101,S.obov,868,GH,7,H,M,25,13.79,SD-double checked,"Note ""from other sheet"""
1102,S.obov,868,GH,7,H,M,25,11.46,SD-double checked,"Note ""from other sheet"""
1103,S.obov,868,GH,7,H,M,25,13.36,SD-double checked,"Note ""from other sheet"""
1104,S.obov,868,GH,7,H,M,25,12.29,SD-double checked,"Note ""from other sheet"""
1105,S.obov,868,GH,7,H,M,25,12.6,SD-double checked,"Note ""from other sheet"""
1106,S.obov,868,GH,7,H,M,25,12.24,SD-double checked,"Note ""from other sheet"""
1107,S.obov,868,GH,7,H,M,25,13.74,SD-double checked,"Note ""from other sheet"""
1108,S.obov,868,GH,11,H,M,25,9.28,SD-double checked,
1109,S.obov,868,GH,11,H,M,25,10.03,SD-double checked,
1110,S.obov,868,GH,11,H,M,25,10.34,SD-double checked,
1111,S.obov,868,GH,11,H,M,25,9.63,SD-double checked,
1112,S.obov,868,GH,11,H,M,25,12.781,SD-double checked,
1113,S.obov,868,GH,11,H,M,5,2.18,SD-double checked,
1114,S.obov,868,GH,11,H,M,25,13.341,SD-double checked,
1115,S.obov,868,GH,11,H,M,25,13.141,SD-double checked,
1116,S.obov,868,GH,11,H,M,25,13.168,SD-double checked,
1117,S.obov,868,GH,11,H,M,25,12.515,SD-double checked,
1118,S.obov,868,GH,11,H,M,25,12.736,SD-double checked,
1119,S.obov,868,GH,11,H,M,25,12.899,SD-double checked,
1120,S.obov,868,GH,12,H,M,25,11.49,SD-double checked,
1121,S.obov,868,GH,12,H,M,25,13.28,SD-double checked,
1122,S.obov,868,GH,12,H,M,25,12.5,SD-double checked,
1123,S.obov,868,GH,12,H,M,25,12.99,SD-double checked,
1124,S.obov,868,GH,12,H,M,25,13.48,SD-double checked,
1125,S.obov,868,GH,12,H,M,25,12.73,SD-double checked,
1126,S.obov,868,GH,12,H,M,25,13.94,SD-double checked,
1127,S.obov,868,GH,12,H,M,25,13.26,SD-double checked,
1128,S.obov,868,GH,12,H,M,25,13.913,SD-double checked,
1129,S.obov,868,GH,12,H,M,25,12.791,SD-double checked,
1130,S.obov,868,GH,12,H,M,25,14.303,SD-double checked,
1131,S.obov,868,GH,12,H,M,25,14.735,SD-double checked,
1132,S.obov,868,GH,12,H,M,25,14.315,SD-double checked,
1133,S.obov,868,GH,6,H?,M,25,9.52,SD-double checked,
1134,S.obov,868,GH,6,H?,M,25,10.49,SD-double checked,
1135,S.obov,868,GH,6,H?,M,18,6.63,SD-double checked,
1136,S.trin,5448,GH,12,H,W,25,13.72,SD-double checked,
1137,S.trin,5448,GH,12,H,W,25,16.227,SD-double checked,
1138,S.trin,5448,GH,12,H,W,25,12.806,SD-double checked,
1139,S.trin,5448,GH,12,H,W,25,13.734,SD-double checked,
1140,S.trin,5448,GH,12,H,W,25,12.425,SD-double checked,
1141,S.trin,5448,GH,12,H,W,25,11.41,SD-double checked,
1142,S.trin,5448,GH,12,H,W,25,15.205,SD-double checked,
1143,S.trin,5448,GH,12,H,W,25,19.974,SD-double checked,
1144,S.trin,5448,GH,12,H,W,25,17.963,SD-double checked,
1145,S.trin,5448,GH,12,H,W,25,15.805,SD-double checked,
1146,S.trin,5448,GH,12,H,W,25,17.846,SD-double checked,
1147,S.trin,5448,GH,12,H,W,25,13.726,SD-double checked,
1148,S.trin,5448,GH,12,H,W,25,17.387,SD-double checked,
1149,S.trin,5448,GH,32,H,W,25,18.44,SD-double checked,
1150,S.trin,5448,GH,32,H,W,25,18.64,SD-double checked,
1151,S.trin,5448,GH,32,H,W,25,17.67,SD-double checked,
1152,S.trin,5448,GH,32,H,W,25,17.48,SD-double checked,
1153,S.trin,5448,GH,32,H,W,25,17.57,SD-double checked,
1154,S.trin,5448,GH,32,H,W,25,17.7,SD-double checked,
1155,S.trin,5448,GH,32,H,W,25,17.86,SD-double checked,
1156,S.trin,5448,GH,32,H,W,25,17.77,SD-double checked,
1157,S.trin,5448,GH,32,H,W,25,18.95,SD-double checked,
1158,S.trin,5448,GH,32,H,W,25,18.51,SD-double checked,
1159,S.trin,5448,GH,32,H,W,25,18.15,SD-double checked,
1160,S.trin,5448,GH,32,H,W,25,18.38,SD-double checked,
1161,S.trin,5448,GH,32,H,W,23,16.19,SD-double checked,
1162,S.trin,5448,GH,3,H,W,25,16.245,SD-double checked,
1163,S.trin,5448,GH,3,H,W,25,18.177,SD-double checked,
1164,S.trin,5448,GH,3,H,W,25,16.846,SD-double checked,
1165,S.trin,5448,GH,3,H,W,25,15.94,SD-double checked,
1166,S.trin,5448,GH,3,H,W,25,16.21,SD-double checked,
1167,S.trin,5448,GH,3,H,W,25,16.165,SD-double checked,
1168,S.trin,5448,GH,3,H,W,25,17.837,SD-double checked,
1169,S.trin,5448,GH,3,H,W,25,15.821,SD-double checked,
1170,S.trin,5448,GH,3,H,W,25,17.256,SD-double checked,
1171,S.trin,5448,GH,3,H,W,25,15.122,SD-double checked,
1172,S.trin,5448,GH,3,H,W,25,16.084,SD-double checked,
1173,S.trin,5448,GH,3,H,W,25,15.75,SD-double checked,
1174,S.trin,5448,GH,3,H,W,25,15.809,SD-double checked,
1175,S.trin,5448,GH,3,H,W,25,15.296,SD-double checked,
1176,S.trin,5448,GH,3,H,W,25,14.727,SD-double checked,
1177,S.trin,5448,GH,9,H,W,25,16.992,SD-double checked,
1178,S.trin,5448,GH,9,H,W,25,16.12,SD-double checked,
1179,S.trin,5448,GH,9,H,W,25,16.995,SD-double checked,
1180,S.trin,5448,GH,9,H,W,25,15.563,SD-double checked,
1181,S.trin,5448,GH,9,H,W,25,15.274,SD-double checked,
1182,S.trin,5448,GH,9,H,W,25,16.827,SD-double checked,
1183,S.trin,5448,GH,9,H,W,25,15.68,SD-double checked,
1184,S.trin,5448,GH,9,H,W,25,14.675,SD-double checked,
1185,S.trin,5448,GH,9,H,W,25,16.117,SD-double checked,
1186,S.trin,5448,GH,9,H,W,25,13.863,SD-double checked,
1187,S.trin,5448,GH,27,H,W,25,19.09,SD-double checked,
1188,S.trin,5448,GH,27,H,W,25,17.651,SD-double checked,
1189,S.trin,5448,GH,27,H,W,25,16.209,SD-double checked,
1190,S.trin,5448,GH,27,H,W,25,15.986,SD-double checked,
1191,S.trin,5448,GH,27,H,W,25,14.962,SD-double checked,
1192,S.trin,5448,GH,27,H,W,25,13.97,SD-double checked,
1193,S.trin,5448,GH,27,H,W,25,15.93,SD-double checked,
1194,S.trin,5448,GH,27,H,W,25,16.624,SD-double checked,
1195,S.trin,5448,GH,27,H,W,25,17.004,SD-double checked,
1196,S.trin,5448,GH,27,H,W,25,17.588,SD-double checked,
1197,S.lydg,870,Field,27,H,D,25,2.868,SD-double checked,trans:1-4
1198,S.lydg,870,Field,27,H,D,25,3.045,SD-double checked,trans:5-10
1199,S.lydg,870,Field,27,H,D,25,3.241,SD-double checked,trans:11-19
1200,S.lydg,870,Field,27,H,D,25,3.124,SD-double checked,trans:20-32
1201,S.lydg,870,Field,27,H,D,25,2.962,SD-double checked,trans:33-37
1202,S.lydg,870,Field,27,H,D,25,2.861,SD-double checked,trans:38-42
1203,S.lydg,870,Field,27,H,D,18,2.339,SD-double checked,trans:--
1204,S.lydg,870,Field,22,H,D,25,2.37,SD-double checked,trans:1-4
1205,S.lydg,870,Field,22,H,D,25,2.513,SD-double checked,trans:5-6
1206,S.lydg,870,Field,22,H,D,25,2.443,SD-double checked,trans:7-8
1207,S.lydg,870,Field,22,H,D,25,2.552,SD-double checked,trans:9 
1208,S.lydg,870,Field,22,H,D,25,2.264,SD-double checked,trans:10
1209,S.lydg,870,Field,22,H,D,25,2.374,SD-double checked,trans:11
1210,S.lydg,870,Field,22,H,D,25,2.077,SD-double checked,trans:--
1211,S.lydg,870,Field,22,H,D,25,2.319,SD-double checked,trans:12-21
1212,S.lydg,870,Field,22,H,D,6,0.528,SD-double checked,trans:22 
1213,S.lydg,870,Field,19,H,D,25,3.178,SD-double checked,trans:1-5
1214,S.lydg,870,Field,19,H,D,25,2.94,SD-double checked,trans:6-7
1215,S.lydg,870,Field,19,H,D,25,3.128,SD-double checked,trans:8-9
1216,S.lydg,870,Field,19,H,D,25,3.176,SD-double checked,trans:10-11
1217,S.lydg,870,Field,19,H,D,25,3.225,SD-double checked,trans:12
1218,S.lydg,870,Field,19,H,D,25,2.796,SD-double checked,trans:13
1219,S.lydg,870,Field,19,H,D,25,3.049,SD-double checked,trans:14-16
1220,S.lydg,870,Field,19,H,D,25,3.037,SD-double checked,trans:17 
1221,S.lydg,870,Field,19,H,D,25,3.008,SD-double checked,trans:18-23
1222,S.lydg,870,Field,19,H,D,22,2.761,SD-double checked,trans:24-26
1223,S.lydg,870,Field,12,H,D,25,3.206,SD-double checked,trans:--
1224,S.lydg,870,Field,12,H,D,25,3.054,SD-double checked,trans:--
1225,S.lydg,870,Field,12,H,D,25,3.561,SD-double checked,trans:1-4
1226,S.lydg,870,Field,12,H,D,25,2.514,SD-double checked,trans:5-10
1227,S.lydg,870,Field,12,H,D,25,2.833,SD-double checked,trans:11 
1228,S.lydg,870,Field,12,H,D,25,3.221,SD-double checked,trans:12-14
1229,S.lydg,870,Field,12,H,D,8,0.998,SD-double checked,trans:15
1230,S.lydg,870,Field,11,H,D,25,2.267,SD-double checked,trans:1-2
1231,S.lydg,870,Field,11,H,D,25,2.49,SD-double checked,trans:3-4
1232,S.lydg,870,Field,11,H,D,25,2.319,SD-double checked,trans:5-6
1233,S.lydg,870,Field,11,H,D,25,2.625,SD-double checked,trans:7-8
1234,S.lydg,870,Field,11,H,D,25,2.635,SD-double checked,trans:9-13
1235,S.lydg,870,Field,11,H,D,10,0.978,SD-double checked,trans:--
1236,S.lydg,870,Field,17,H,D,25,1.658,SD-double checked,trans:--
1237,S.lydg,870,Field,17,H,D,25,1.762,SD-double checked,trans:1-2
1238,S.lydg,870,Field,17,H,D,25,1.495,SD-double checked,trans:3
1239,S.lydg,870,Field,17,H,D,25,1.582,SD-double checked,trans:4-5
1240,S.lydg,870,Field,17,H,D,25,1.794,SD-double checked,trans:6
1241,S.lydg,870,Field,17,H,D,12,0.967,SD-double checked,trans: 7
1242,S.lydg,870,Field,13,H,D,25,3.044,SD-double checked,trans:1-5
1243,S.lydg,870,Field,13,H,D,25,2.896,SD-double checked,trans:6-16
1244,S.lydg,870,Field,13,H,D,25,3.191,SD-double checked,trans:17-21
1245,S.lydg,870,Field,13,H,D,25,3.027,SD-double checked,trans:22-30
1246,S.lydg,870,Field,13,H,D,25,2.805,SD-double checked,trans:31-36
1247,S.lydg,870,Field,13,H,D,4,0.381,SD-double checked,trans:37-38
1248,S.lydg,870,GH,1028,H,D,25,2.57,SD-double checked,
1249,S.lydg,870,GH,1028,H,D,25,2.255,SD-double checked,
1250,S.lydg,870,GH,1028,H,D,25,2.669,SD-double checked,
1251,S.lydg,870,GH,1028,H,D,25,2.531,SD-double checked,
1252,S.lydg,870,GH,1028,H,D,25,2.256,SD-double checked,
1253,S.lydg,870,GH,1028,H,D,25,2.291,SD-double checked,
1254,S.lydg,870,GH,1028,H,D,25,2.647,SD-double checked,
1255,S.lydg,870,GH,1028,H,D,25,2.705,SD-double checked,
1256,S.lydg,870,GH,1028,H,D,25,2.736,SD-double checked,
1257,S.lydg,870,GH,1028,H,D,25,2.571,SD-double checked,
1258,S.lydg,870,GH,1028,H,D,25,2.778,SD-double checked,
1259,S.lydg,870,GH,1028,H,D,25,2.594,SD-double checked,
1260,S.lydg,870,GH,1028,H,D,25,2.448,SD-double checked,
1261,S.lydg,870,GH,1028,H,D,11,1.17,SD-double checked,
1262,S.lydg,870,GH,1023,H,D,25,3.205,SD-double checked,
1263,S.lydg,870,GH,1023,H,D,25,3.257,SD-double checked,
1264,S.lydg,870,GH,1023,H,D,25,3.497,SD-double checked,
1265,S.lydg,870,GH,1023,H,D,25,3.351,SD-double checked,
1266,S.lydg,870,GH,1023,H,D,25,3.219,SD-double checked,
1267,S.lydg,870,GH,1023,H,D,25,3.234,SD-double checked,
1268,S.lydg,870,GH,1023,H,D,25,3.343,SD-double checked,
1269,S.lydg,870,GH,1023,H,D,25,3.384,SD-double checked,
1270,S.lydg,870,GH,1023,H,D,25,3.386,SD-double checked,
1271,S.lydg,870,GH,1023,H,D,25,3.348,SD-double checked,
1272,S.lydg,870,GH,1023,H,D,25,3.342,SD-double checked,
1273,S.lydg,870,GH,1023,H,D,25,3.293,SD-double checked,
1274,S.lydg,870,GH,1023,H,D,25,3.323,SD-double checked,
1275,S.lydg,870,GH,1023,H,D,5,0.695,SD-double checked,
1276,S.lydg,870,GH,1019,H,D,25,3.672,SD-double checked,
1277,S.lydg,870,GH,1019,H,D,25,3.383,SD-double checked,
1278,S.lydg,870,GH,1019,H,D,25,3.599,SD-double checked,
1279,S.lydg,870,GH,1019,H,D,25,3.587,SD-double checked,
1280,S.lydg,870,GH,1019,H,D,25,3.299,SD-double checked,
1281,S.lydg,870,GH,1019,H,D,25,3.467,SD-double checked,
1282,S.lydg,870,GH,1019,H,D,25,3.368,SD-double checked,
1283,S.lydg,870,GH,1019,H,D,25,3.373,SD-double checked,
1284,S.lydg,870,GH,1019,H,D,25,3.37,SD-double checked,
1285,S.lydg,870,GH,1019,H,D,25,3.626,SD-double checked,
1286,S.lydg,870,GH,1019,H,D,25,3.466,SD-double checked,
1287,S.lydg,870,GH,1019,H,D,25,3.43,SD-double checked,
1288,S.lydg,870,GH,1019,H,D,25,3.384,SD-double checked,
1289,S.lydg,870,GH,1019,H,D,12,1.671,SD-double checked,
1290,S.lydg,870,GH,1002,H,D,25,3.724,SD-double checked,
1291,S.lydg,870,GH,1002,H,D,25,3.356,SD-double checked,
1292,S.lydg,870,GH,1002,H,D,25,3.91,SD-double checked,
1293,S.lydg,870,GH,1002,H,D,25,3.402,SD-double checked,
1294,S.lydg,870,GH,1002,H,D,25,3.7,SD-double checked,
1295,S.lydg,870,GH,1002,H,D,25,3.799,SD-double checked,
1296,S.lydg,870,GH,1002,H,D,25,3.735,SD-double checked,
1297,S.lydg,870,GH,1002,H,D,25,3.683,SD-double checked,
1298,S.lydg,870,GH,1002,H,D,25,4.02,SD-double checked,
1299,S.lydg,870,GH,1002,H,D,25,3.945,SD-double checked,
1300,S.lydg,870,GH,1002,H,D,25,3.196,SD-double checked,
1301,S.lydg,870,GH,1002,H,D,25,4.212,SD-double checked,
1302,S.lydg,870,GH,1002,H,D,4,0.689,SD-double checked,
1303,S.lydg,870,GH,1001,H,D,25,4.216,SD-double checked,
1304,S.lydg,870,GH,1001,H,D,25,4.215,SD-double checked,
1305,S.lydg,870,GH,1001,H,D,25,4.303,SD-double checked,
1306,S.lydg,870,GH,1001,H,D,25,4.517,SD-double checked,
1307,S.lydg,870,GH,1001,H,D,25,4.436,SD-double checked,
1308,S.lydg,870,GH,1001,H,D,25,4.423,SD-double checked,
1309,S.lydg,870,GH,1001,H,D,25,4.26,SD-double checked,
1310,S.lydg,870,GH,1001,H,D,24,3.979,SD-double checked,
1311,S.lydg,870,GH,1001,H,D,25,4.457,SD-double checked,
1312,S.lydg,870,GH,1001,H,D,25,4.468,SD-double checked,
1313,S.lydg,870,GH,1001,H,D,25,4.065,SD-double checked,
1314,S.lydg,870,GH,1001,H,D,25,4.502,SD-double checked,
1315,S.lydg,870,GH,1001,H,D,25,4.147,SD-double checked,
1316,S.lydg,870,GH,1001,H,D,13,2.44,SD-double checked,
1317,S.adam,847,Field,383,H,D,25,3.214,SD-double checked,
1318,S.adam,847,Field,383,H,D,25,3.014,SD-double checked,
1319,S.adam,847,Field,383,H,D,25,2.971,SD-double checked,
1320,S.adam,847,Field,383,H,D,25,3.082,SD-double checked,
1321,S.adam,847,Field,383,H,D,25,2.271,SD-double checked,
1322,S.adam,847,Field,383,H,D,23,2.805,SD-double checked,
1323,S.adam,847,Field,383,H,D,25,2.343,SD-double checked,
1324,S.adam,847,Field,383,H,D,25,2.143,SD-double checked,
1325,S.adam,847,Field,383,H,D,25,2.42,SD-double checked,
1326,S.adam,847,Field,383,H,D,25,2.232,SD-double checked,
1327,S.adam,847,Field,383,H,D,25,2.265,SD-double checked,
1328,S.adam,847,Field,369,H,D,25,2.382,SD-double checked,
1329,S.adam,847,Field,369,H,D,25,2.569,SD-double checked,
1330,S.adam,847,Field,369,H,D,25,2.524,SD-double checked,
1331,S.adam,847,Field,369,H,D,25,2.446,SD-double checked,
1332,S.adam,847,Field,369,H,D,25,1.933,SD-double checked,
1333,S.adam,847,Field,369,H,D,25,2.021,SD-double checked,
1334,S.adam,847,Field,369,H,D,25,2.019,SD-double checked,
1335,S.adam,847,Field,369,H,D,25,2.194,SD-double checked,
1336,S.adam,847,Field,369,H,D,25,2.072,SD-double checked,
1337,S.adam,847,Field,369,H,D,15,1.152,SD-double checked,
1338,S.adam,847,Field,369,H,D,3,0.319,SD-double checked,
1339,S.adam,847,Field,307,H,D,25,3.176,SD-double checked,
1340,S.adam,847,Field,307,H,D,25,3.265,SD-double checked,
1341,S.adam,847,Field,307,H,D,25,3.184,SD-double checked,
1342,S.adam,847,Field,307,H,D,25,3.296,SD-double checked,
1343,S.adam,847,Field,307,H,D,25,3.265,SD-double checked,
1344,S.adam,847,Field,307,H,D,25,3.153,SD-double checked,
1345,S.adam,847,Field,307,H,D,25,2.997,SD-double checked,
1346,S.adam,847,Field,307,H,D,25,2.998,SD-double checked,
1347,S.adam,847,Field,307,H,D,25,2.961,SD-double checked,
1348,S.adam,847,Field,307,H,D,25,2.781,SD-double checked,
1349,S.adam,847,Field,106,H,D,25,2.684,SD-double checked,
1350,S.adam,847,Field,106,H,D,25,2.622,SD-double checked,
1351,S.adam,847,Field,106,H,D,25,2.707,SD-double checked,
1352,S.adam,847,Field,106,H,D,25,2.637,SD-double checked,
1353,S.adam,847,Field,106,H,D,25,2.796,SD-double checked,
1354,S.adam,847,Field,106,H,D,25,2.736,SD-double checked,
1355,S.adam,847,Field,106,H,D,25,2.748,SD-double checked,
1356,S.adam,847,Field,106,H,D,25,2.667,SD-double checked,
1357,S.adam,847,Field,106,H,D,25,2.849,SD-double checked,
1358,S.adam,847,Field,106,H,D,25,2.445,SD-double checked,
1359,S.adam,847,Field,100,H,D,25,2.745,SD-double checked,
1360,S.adam,847,Field,100,H,D,25,2.609,SD-double checked,
1361,S.adam,847,Field,100,H,D,25,2.931,SD-double checked,
1362,S.adam,847,Field,100,H,D,25,2.868,SD-double checked,
1363,S.adam,847,Field,100,H,D,25,2.722,SD-double checked,
1364,S.adam,847,Field,100,H,D,25,2.869,SD-double checked,
1365,S.adam,847,Field,100,H,D,25,2.648,SD-double checked,
1366,S.adam,847,Field,100,H,D,25,2.993,SD-double checked,
1367,S.adam,847,Field,100,H,D,25,2.86,SD-double checked,
1368,S.adam,847,Field,100,H,D,25,2.862,SD-double checked,
1369,S.adam,847,Field,100,H,D,25,2.866,SD-double checked,Mass added 1/6/2011 SD
1370,S.adam,847,Field,100,H,D,25,2.757,SD-double checked,
1371,S.adam,847,Field,100,H,D,25,3.003,SD-double checked,
1372,S.adam,847,Field,100,H,D,25,2.76,SD-double checked,
1373,S.adam,847,Field,374,F,D,25,2.875,SD-double checked,
1374,S.adam,847,Field,374,F,D,25,3.051,SD-double checked,
1375,S.adam,847,Field,374,F,D,25,2.994,SD-double checked,
1376,S.adam,847,Field,374,F,D,25,2.764,SD-double checked,
1377,S.adam,847,Field,374,F,D,25,2.786,SD-double checked,
1378,S.adam,847,Field,374,F,D,25,2.482,SD-double checked,
1379,S.adam,847,Field,374,F,D,19,1.906,SD-double checked,
1380,S.adam,847,Field,374,F,D,25,2.721,SD-double checked,Mass added 1/6/2011 SD
1381,S.adam,847,Field,374,F,D,25,2.655,SD-double checked,
1382,S.adam,847,Field,374,F,D,12,0.747,SD-double checked,
1383,S.adam,847,Field,374,F,D,25,2.714,SD-double checked,
1384,S.adam,847,Field,374,F,D,25,2.873,SD-double checked,
1385,S.adam,847,Field,380,F,D,25,3.179,SD-double checked,
1386,S.adam,847,Field,380,F,D,25,2.899,SD-double checked,
1387,S.adam,847,Field,380,F,D,25,3.092,SD-double checked,
1388,S.adam,847,Field,380,F,D,25,3.404,SD-double checked,
1389,S.adam,847,Field,380,F,D,25,3.77,SD-double checked,
1390,S.adam,847,Field,380,F,D,25,3.216,SD-double checked,
1391,S.adam,847,Field,380,F,D,25,2.993,SD-double checked,
1392,S.adam,847,Field,380,F,D,25,3.235,SD-double checked,
1393,S.adam,847,Field,380,F,D,25,3.417,SD-double checked,
1394,S.adam,847,Field,380,F,D,25,3.106,SD-double checked,
1395,S.adam,847,Field,352,F,D,25,3.425,SD-double checked,
1396,S.adam,847,Field,352,F,D,25,2.906,SD-double checked,
1397,S.adam,847,Field,352,F,D,25,3.037,SD-double checked,
1398,S.adam,847,Field,352,F,D,25,2.914,SD-double checked,
1399,S.adam,847,Field,352,F,D,25,2.57,SD-double checked,
1400,S.adam,847,Field,352,F,D,25,2.951,SD-double checked,
1401,S.adam,847,Field,352,F,D,25,3.004,SD-double checked,
1402,S.adam,847,Field,352,F,D,25,2.701,SD-double checked,
1403,S.adam,847,Field,352,F,D,25,2.42,SD-double checked,
1404,S.adam,847,Field,352,F,D,24,2.214,SD-double checked,
1405,S.adam,847,Field,304,F,D,25,3.896,SD-double checked,
1406,S.adam,847,Field,304,F,D,15,2.111,SD-double checked,
1407,S.adam,847,Field,304,F,D,25,4.132,SD-double checked,
1408,S.adam,847,Field,304,F,D,25,4.089,SD-double checked,
1409,S.adam,847,Field,304,F,D,25,3.737,SD-double checked,
1410,S.adam,847,Field,304,F,D,24,3.701,SD-double checked,
1411,S.adam,847,Field,304,F,D,25,3.913,SD-double checked,
1412,S.adam,847,Field,304,F,D,25,4.016,SD-double checked,
1413,S.adam,847,Field,304,F,D,25,3.914,SD-double checked,
1414,S.adam,847,Field,304,F,D,25,3.881,SD-double checked,
1415,S.adam,847,Field,304,F,D,25,3.558,SD-double checked,
1416,S.adam,847,Field,202,F,D,25,3.181,SD-double checked,
1417,S.adam,847,Field,202,F,D,25,3.475,SD-double checked,
1418,S.adam,847,Field,202,F,D,25,3.62,SD-double checked,
1419,S.adam,847,Field,202,F,D,25,3.541,SD-double checked,
1420,S.adam,847,Field,202,F,D,25,3.642,SD-double checked,
1421,S.adam,847,Field,202,F,D,25,3.449,SD-double checked,
1422,S.adam,847,Field,202,F,D,25,3.595,SD-double checked,
1423,S.adam,847,Field,202,F,D,25,3.388,SD-double checked,
1424,S.adam,847,Field,202,F,D,25,3.166,SD-double checked,
1425,S.adam,847,Field,202,F,D,25,3.004,SD-double checked,
1426,S.adam,847,Field,102,F,D,25,2.74,SD-double checked,
1427,S.adam,847,Field,102,F,D,25,2.933,SD-double checked,
1428,S.adam,847,Field,102,F,D,25,2.836,SD-double checked,
1429,S.adam,847,Field,102,F,D,25,3.196,SD-double checked,
1430,S.adam,847,Field,102,F,D,25,2.927,SD-double checked,
1431,S.adam,847,Field,102,F,D,25,3.197,SD-double checked,
1432,S.adam,847,Field,102,F,D,25,2.779,SD-double checked,
1433,S.adam,847,Field,102,F,D,25,2.976,SD-double checked,
1434,S.adam,847,Field,102,F,D,25,3.093,SD-double checked,
1435,S.adam,847,Field,102,F,D,25,2.832,SD-double checked,
1436,S.sali,853,GH,97.1,F,D,25,2.706,SD-double checked,
1437,S.sali,853,GH,97.1,F,D,25,2.887,SD-double checked,
1438,S.sali,853,GH,97.1,F,D,25,2.786,SD-double checked,
1439,S.sali,853,GH,97.1,F,D,22,2.499,SD-double checked,
1440,S.sali,853,GH,97.1,F,D,25,2.831,SD-double checked,
1441,S.sali,853,GH,97.1,F,D,25,2.835,SD-double checked,
1442,S.sali,853,GH,97.1,F,D,25,2.829,SD-double checked,
1443,S.sali,853,GH,97.1,F,D,25,2.805,SD-double checked,
1444,S.sali,853,GH,97.1,F,D,25,2.845,SD-double checked,
1445,S.sali,853,GH,97.1,F,D,25,2.8,SD-double checked,
1446,S.sali,853,GH,97.1,F,D,25,2.866,SD-double checked,
1447,S.sali,853,GH,97.1,F,D,26,3.028,SD-double checked,
1448,S.sali,853,GH,97.1,F,D,21,2.314,SD-double checked,
1449,S.lych,867,Field,2,H,W,25,5.219,SD-double checked,
1450,S.lych,867,Field,2,H,W,25,5,SD-double checked,
1451,S.lych,867,Field,2,H,W,25,4.815,SD-double checked,
1452,S.lych,867,Field,2,H,W,25,4.698,SD-double checked,
1453,S.lych,867,Field,2,H,W,25,5.085,SD-double checked,
1454,S.lych,867,Field,2,H,W,25,5.201,SD-double checked,
1455,S.lych,867,Field,2,H,W,25,5.003,SD-double checked,
1456,S.lych,867,Field,2,H,W,25,4.807,SD-double checked,
1457,S.lych,867,Field,2,H,W,25,4.888,SD-double checked,
1458,S.lych,867,Field,2,H,W,25,4.812,SD-double checked,
1459,S.lych,867,Field,3,H,W,25,4.188,SD-double checked,
1460,S.lych,867,Field,3,H,W,25,4.996,SD-double checked,
1461,S.lych,867,Field,3,H,W,25,4.814,SD-double checked,
1462,S.lych,867,Field,3,H,W,25,5.351,SD-double checked,
1463,S.lych,867,Field,3,H,W,25,5.302,SD-double checked,
1464,S.lych,867,Field,3,H,W,25,5.285,SD-double checked,
1465,S.lych,867,Field,3,H,W,25,5.422,SD-double checked,
1466,S.lych,867,Field,3,H,W,25,5.271,SD-double checked,
1467,S.lych,867,Field,3,H,W,25,5.545,SD-double checked,
1468,S.lych,867,Field,3,H,W,25,5.491,SD-double checked,
1469,S.lych,867,GH,210,H,W,25,4.828,SD-double checked,
1470,S.lych,867,GH,210,H,W,25,4.683,SD-double checked,
1471,S.lych,867,GH,210,H,W,25,4.632,SD-double checked,
1472,S.lych,867,GH,210,H,W,25,5.04,SD-double checked,
1473,S.lych,867,GH,210,H,W,25,5.36,SD-double checked,
1474,S.lych,867,GH,210,H,W,25,4.771,SD-double checked,
1475,S.lych,867,GH,210,H,W,25,4.79,SD-double checked,
1476,S.lych,867,GH,210,H,W,25,5.233,SD-double checked,
1477,S.lych,867,GH,210,H,W,25,4.682,SD-double checked,
1478,S.lych,867,GH,210,H,W,25,5.481,SD-double checked,
1479,S.lych,867,GH,208,H,W,25,6.138,SD-double checked,
1480,S.lych,867,GH,208,H,W,25,6.161,SD-double checked,
1481,S.lych,867,GH,208,H,W,25,5.538,SD-double checked,
1482,S.lych,867,GH,208,H,W,25,6.11,SD-double checked,
1483,S.lych,867,GH,208,H,W,25,5.744,SD-double checked,
1484,S.lych,867,GH,208,H,W,25,7.248,SD-double checked,
1485,S.lych,867,GH,208,H,W,25,6.81,SD-double checked,
1486,S.lych,867,GH,208,H,W,25,6.105,SD-double checked,
1487,S.lych,867,GH,208,H,W,25,6.866,SD-double checked,
1488,S.lych,867,GH,208,H,W,25,6.005,SD-double checked,
1489,S.lych,867,GH,202,H,W,25,6.784,SD-double checked,
1490,S.lych,867,GH,202,H,W,25,6.792,SD-double checked,
1491,S.lych,867,GH,202,H,W,25,6.534,SD-double checked,
1492,S.lych,867,GH,202,H,W,25,6.721,SD-double checked,
1493,S.lych,867,GH,202,H,W,25,6.218,SD-double checked,
1494,S.lych,867,GH,202,H,W,25,6.486,SD-double checked,
1495,S.lych,867,GH,202,H,W,25,6.277,SD-double checked,
1496,S.lych,867,GH,202,H,W,25,6.165,SD-double checked,
1497,S.lych,867,GH,202,H,W,25,6.734,SD-double checked,
1498,S.lych,867,GH,202,H,W,25,6.595,SD-double checked,
1509,S.sali,842,Field,86,H,D,25,4.64,SD-double checked,
1510,S.sali,842,Field,86,H,D,25,4.43,SD-double checked,
1511,S.sali,842,Field,86,H,D,25,4.68,SD-double checked,
1512,S.sali,842,Field,86,H,D,25,4.61,SD-double checked,
1513,S.sali,842,Field,86,H,D,25,4.29,SD-double checked,
1514,S.sali,842,Field,86,H,D,25,4.75,SD-double checked,
1515,S.sali,842,Field,86,H,D,25,4.55,SD-double checked,
1516,S.sali,842,Field,86,H,D,25,4.67,SD-double checked,
1517,S.sali,842,Field,86,H,D,25,4.53,SD-double checked,
1518,S.sali,842,Field,86,H,D,25,4.41,SD-double checked,
1519,S.sali,842,Field,86,H,D,25,4.26,SD-double checked,
1520,S.sali,842,Field,86,H,D,13,2.2,SD-double checked,
1521,S.sali,842,Field,109,H,D,25,1.74,SD-double checked,
1522,S.sali,842,Field,109,H,D,25,1.76,SD-double checked,
1523,S.sali,842,Field,109,H,D,25,1.46,SD-double checked,
1524,S.sali,842,Field,109,H,D,25,2.16,SD-double checked,
1525,S.sali,842,Field,109,H,D,25,1.96,SD-double checked,
1526,S.sali,842,Field,109,H,D,25,2.13,SD-double checked,
1527,S.sali,842,Field,109,H,D,25,1.57,SD-double checked,
1528,S.sali,842,Field,109,H,D,25,1.73,SD-double checked,
1529,S.sali,842,Field,109,H,D,25,1.58,SD-double checked,
1530,S.sali,842,Field,109,H,D,25,1.56,SD-double checked,
1531,S.sali,842,Field,70,H,D,25,2.07,SD-double checked,
1532,S.sali,842,Field,70,H,D,25,2.29,SD-double checked,
1533,S.sali,842,Field,70,H,D,25,1.81,SD-double checked,
1534,S.sali,842,Field,70,H,D,25,2.93,SD-double checked,
1535,S.sali,842,Field,70,H,D,25,2.58,SD-double checked,
1536,S.sali,842,Field,70,H,D,25,2.28,SD-double checked,
1537,S.sali,842,Field,70,H,D,25,2.08,SD-double checked,
1538,S.sali,842,Field,70,H,D,25,2.51,SD-double checked,
1539,S.sali,842,Field,70,H,D,25,2.13,SD-double checked,
1540,S.sali,842,Field,70,H,D,25,2.51,SD-double checked,
1541,S.sali,842,Field,84,H,D,25,2.87,SD-double checked,
1542,S.sali,842,Field,84,H,D,25,4.02,SD-double checked,
1543,S.sali,842,Field,84,H,D,25,3.63,SD-double checked,
1544,S.sali,842,Field,84,H,D,25,3.97,SD-double checked,
1545,S.sali,842,Field,84,H,D,22,3.09,SD-double checked,
1546,S.sali,842,Field,84,H,D,25,3.97,SD-double checked,
1547,S.sali,842,Field,84,H,D,25,4.37,SD-double checked,
1548,S.sali,842,Field,84,H,D,25,3.79,SD-double checked,
1549,S.sali,842,Field,84,H,D,25,4.51,SD-double checked,
1550,S.sali,842,Field,84,H,D,25,2.58,SD-double checked,
1551,S.sali,842,Field,84,H,D,25,3.11,SD-double checked,
1552,S.sali,842,Field,84,H,D,24,3.48,SD-double checked,
1553,S.sali,842,Field,121A,H,D,25,4.46,SD-double checked,
1554,S.sali,842,Field,121A,H,D,25,4.13,SD-double checked,
1555,S.sali,842,Field,121A,H,D,25,3.02,SD-double checked,
1556,S.sali,842,Field,121A,H,D,25,4.16,SD-double checked,
1557,S.sali,842,Field,121A,H,D,25,3.91,SD-double checked,
1558,S.sali,842,Field,121A,H,D,25,3.69,SD-double checked,
1559,S.sali,842,Field,121A,H,D,25,4.32,SD-double checked,
1560,S.sali,842,Field,121A,H,D,25,4.04,SD-double checked,
1561,S.sali,842,Field,121A,H,D,25,4.26,SD-double checked,
1562,S.sali,842,Field,121A,H,D,25,3.93,SD-double checked,
1563,S.sali,842,Field,9,F,D,25,2.55,SD-double checked,
1564,S.sali,842,Field,9,F,D,7,0.821,SD-double checked,
1565,S.sali,842,Field,9,F,D,25,3.27,SD-double checked,
1566,S.sali,842,Field,9,F,D,23,3.72,SD-double checked,
1567,S.sali,842,Field,9,F,D,25,3.29,SD-double checked,
1568,S.sali,842,Field,9,F,D,6,0.77,SD-double checked,
1569,S.sali,842,Field,9,F,D,25,2.2,SD-double checked,
1570,S.sali,842,Field,9,F,D,25,1.99,SD-double checked,
1571,S.sali,842,Field,9,F,D,25,2.03,SD-double checked,
1572,S.sali,842,Field,9,F,D,25,1.95,SD-double checked,
1573,S.sali,842,Field,9,F,D,6,0.46,SD-double checked,
1574,S.sali,842,Field,9,F,D,25,4.84,SD-double checked,
1575,S.sali,842,Field,9,F,D,1,0.18,SD-double checked,
1576,S.sali,853,Field,17,H,D,25,3.25,SD-double checked,
1577,S.sali,853,Field,17,H,D,25,2.74,SD-double checked,
1578,S.sali,853,Field,17,H,D,25,2.33,SD-double checked,
1579,S.sali,853,Field,17,H,D,25,3.52,SD-double checked,
1580,S.sali,853,Field,17,H,D,25,2.66,SD-double checked,
1581,S.sali,853,Field,17,H,D,25,3.14,SD-double checked,
1582,S.sali,853,Field,17,H,D,25,3.46,SD-double checked,
1583,S.sali,853,Field,17,H,D,25,2.8,SD-double checked,
1584,S.sali,853,Field,17,H,D,25,2.75,SD-double checked,
1585,S.sali,853,Field,17,H,D,25,2.94,SD-double checked,
1586,S.sali,853,Field,18,H,D,25,1.95,SD-double checked,
1587,S.sali,853,Field,18,H,D,25,2.26,SD-double checked,
1588,S.sali,853,Field,18,H,D,25,2.53,SD-double checked,
1589,S.sali,853,Field,18,H,D,25,2.66,SD-double checked,
1590,S.sali,853,Field,18,H,D,25,2.71,SD-double checked,
1591,S.sali,853,Field,18,H,D,25,2.54,SD-double checked,
1592,S.sali,853,Field,18,H,D,25,2.51,SD-double checked,
1593,S.sali,853,Field,18,H,D,25,2,SD-double checked,
1594,S.sali,853,Field,18,H,D,25,2.13,SD-double checked,
1595,S.sali,853,Field,18,H,D,25,1.82,SD-double checked,
1596,S.sali,853,Field,37,H,D,25,3.84,SD-double checked,
1597,S.sali,853,Field,37,H,D,25,3.82,SD-double checked,
1598,S.sali,853,Field,37,H,D,25,3.68,SD-double checked,
1599,S.sali,853,Field,37,H,D,25,3.87,SD-double checked,
1600,S.sali,853,Field,37,H,D,25,4.13,SD-double checked,
1601,S.sali,853,Field,37,H,D,25,3.54,SD-double checked,
1602,S.sali,853,Field,37,H,D,25,3.67,SD-double checked,
1603,S.sali,853,Field,37,H,D,25,3.82,SD-double checked,
1604,S.sali,853,Field,37,H,D,1,0.17,SD-double checked,
1605,S.sali,853,Field,37,H,D,25,4,SD-double checked,
1606,S.sali,853,Field,37,H,D,25,3.79,SD-double checked,
1607,S.sali,853,Field,37,H,D,25,3.87,SD-double checked,
1608,S.sali,853,Field,37,H,D,25,3.88,SD-double checked,
1609,S.sali,853,Field,37,H,D,25,3.63,SD-double checked,
1610,S.sali,853,Field,37,H,D,25,3.72,SD-double checked,
1611,S.sali,853,Field,37,H,D,25,3.45,SD-double checked,
1612,S.sali,853,Field,37,H,D,13,1.66,SD-double checked,
1613,S.sali,853,Field,48,F,D,25,4.85,SD-double checked,
1614,S.sali,853,Field,48,F,D,25,4.64,SD-double checked,
1615,S.sali,853,Field,48,F,D,12,2.15,SD-double checked,
1616,S.sali,853,Field,106,H,D,25,3.76,SD-double checked,
1617,S.sali,853,Field,106,H,D,25,3.62,SD-double checked,
1618,S.sali,853,Field,106,H,D,25,3.33,SD-double checked,
1619,S.sali,853,Field,106,H,D,25,3.71,SD-double checked,
1620,S.sali,853,Field,106,H,D,25,3.62,SD-double checked,
1621,S.sali,853,Field,106,H,D,25,3.99,SD-double checked,
1622,S.sali,853,Field,106,H,D,25,3.9,SD-double checked,
1623,S.sali,853,Field,106,H,D,25,3.29,SD-double checked,
1624,S.sali,853,Field,106,H,D,25,3.31,SD-double checked,
1625,S.sali,853,Field,106,H,D,25,3.65,SD-double checked,
1626,S.sali,853,Field,8,H,D,25,3.5,SD-double checked,
1627,S.sali,853,Field,8,H,D,25,3.34,SD-double checked,
1628,S.sali,853,Field,8,H,D,25,3.63,SD-double checked,
1629,S.sali,853,Field,8,H,D,25,3.32,SD-double checked,
1630,S.sali,853,Field,8,H,D,25,3.19,SD-double checked,
1631,S.sali,853,Field,8,H,D,25,3.03,SD-double checked,
1632,S.sali,853,Field,8,H,D,25,3.61,SD-double checked,
1633,S.sali,853,Field,8,H,D,25,2.82,SD-double checked,
1634,S.sali,853,Field,8,H,D,25,3.26,SD-double checked,
1635,S.sali,853,Field,8,H,D,25,3.04,SD-double checked,
1636,S.glob,852,Field,136,F,D,25,3.08,SD-double checked,
1637,S.glob,852,Field,136,F,D,25,3.1,SD-double checked,
1638,S.glob,852,Field,136,F,D,25,2.99,SD-double checked,
1639,S.glob,852,Field,136,F,D,16,1.96,SD-double checked,
1640,S.glob,852,Field,136,F,D,25,2.72,SD-double checked,
1641,S.glob,852,Field,136,F,D,25,2.62,SD-double checked,
1642,S.glob,852,Field,136,F,D,25,2.71,SD-double checked,
1643,S.glob,852,Field,136,F,D,25,2.4,SD-double checked,
1644,S.glob,852,Field,136,F,D,25,2.39,SD-double checked,
1645,S.glob,852,Field,136,F,D,25,2.88,SD-double checked,
1646,S.glob,852,Field,136,F,D,25,2.54,SD-double checked,
1647,S.glob,852,Field,136,F,D,25,2.71,SD-double checked,
1648,S.glob,852,Field,136,F,D,25,2.41,SD-double checked,
1649,S.glob,852,Field,136,F,D,25,2.46,SD-double checked,
1650,S.glob,852,Field,134,F,D,25,3.14,SD-double checked,
1651,S.glob,852,Field,134,F,D,25,3.08,SD-double checked,
1652,S.glob,852,Field,134,F,D,25,2.35,SD-double checked,
1653,S.glob,852,Field,134,F,D,25,2.81,SD-double checked,
1654,S.glob,852,Field,134,F,D,25,2.71,SD-double checked,
1655,S.glob,852,Field,134,F,D,25,2.39,SD-double checked,
1656,S.glob,852,Field,134,F,D,1,0.09,SD-double checked,
1657,S.glob,852,Field,134,F,D,25,3.23,SD-double checked,
1658,S.glob,852,Field,134,F,D,25,2.91,SD-double checked,
1659,S.glob,852,Field,134,F,D,25,3,SD-double checked,
1660,S.glob,852,Field,134,F,D,25,3.07,SD-double checked,
1661,S.glob,852,Field,134,F,D,25,3.41,SD-double checked,
1662,S.glob,852,Field,134,F,D,25,2.74,SD-double checked,
1663,S.glob,852,Field,134,F,D,25,3.08,SD-double checked,
1664,S.glob,852,Field,134,F,D,25,3.21,SD-double checked,
1665,S.glob,852,Field,134,F,D,25,3.65,SD-double checked,
1666,S.glob,852,Field,134,F,D,25,3.25,SD-double checked,
1667,S.glob,852,Field,94,F,D,25,2.91,SD-double checked,
1668,S.glob,852,Field,94,F,D,25,2.83,SD-double checked,
1669,S.glob,852,Field,94,F,D,25,2.89,SD-double checked,
1670,S.glob,852,Field,94,F,D,25,2.71,SD-double checked,
1671,S.glob,852,Field,94,F,D,25,2.9,SD-double checked,
1672,S.glob,852,Field,94,F,D,25,2.97,SD-double checked,
1673,S.glob,852,Field,94,F,D,25,2.64,SD-double checked,
1674,S.glob,852,Field,94,F,D,25,2.81,SD-double checked,
1675,S.glob,852,Field,94,F,D,25,2.8,SD-double checked,
1676,S.glob,852,Field,94,F,D,25,2.83,SD-double checked,
1677,S.glob,852,Field,85,F,D,25,2.84,SD-double checked,
1678,S.glob,852,Field,85,F,D,25,2.95,SD-double checked,
1679,S.glob,852,Field,85,F,D,25,2.81,SD-double checked,
1680,S.glob,852,Field,85,F,D,25,2.9,SD-double checked,
1681,S.glob,852,Field,85,F,D,25,2.9,SD-double checked,
1682,S.glob,852,Field,85,F,D,25,3.11,SD-double checked,
1683,S.glob,852,Field,85,F,D,25,2.96,SD-double checked,
1684,S.glob,852,Field,85,F,D,25,2.56,SD-double checked,
1685,S.glob,852,Field,85,F,D,25,2.96,SD-double checked,
1686,S.glob,852,Field,85,F,D,25,2.95,SD-double checked,
1687,S.glob,852,Field,85,F,D,25,3.01,SD-double checked,
1688,S.glob,852,Field,85,F,D,25,3.02,SD-double checked,
1689,S.glob,852,Field,85,F,D,25,3.14,SD-double checked,
1690,S.glob,852,Field,85,F,D,25,3.07,SD-double checked,
1691,S.glob,852,Field,85,F,D,4,0.2,SD-double checked,
1692,S.glob,852,Field,131,F,D,25,3.44,SD-double checked,
1693,S.glob,852,Field,131,F,D,25,2.88,SD-double checked,
1694,S.glob,852,Field,131,F,D,25,3.14,SD-double checked,
1695,S.glob,852,Field,131,F,D,24,2.94,SD-double checked,
1696,S.glob,852,Field,131,F,D,25,3.8,SD-double checked,
1697,S.glob,852,Field,131,F,D,25,3.76,SD-double checked,
1698,S.glob,852,Field,131,F,D,25,3.76,SD-double checked,
1699,S.glob,852,Field,131,F,D,16,2.27,SD-double checked,
1700,S.glob,852,Field,131,F,D,20,2.44,SD-double checked,
1701,S.glob,852,Field,131,F,D,25,3.71,SD-double checked,
1702,S.glob,852,Field,131,F,D,9,1.19,SD-double checked,
1703,S.glob,852,Field,129,F,D,25,3.4,SD-double checked,
1704,S.glob,852,Field,129,F,D,25,3.29,SD-double checked,
1705,S.glob,852,Field,129,F,D,4,0.42,SD-double checked,
1706,S.glob,852,Field,129,F,D,25,3.04,SD-double checked,
1707,S.glob,852,Field,129,F,D,25,3.14,SD-double checked,
1708,S.glob,852,Field,129,F,D,25,3.01,SD-double checked,
1709,S.glob,852,Field,129,F,D,25,3.23,SD-double checked,
1710,S.glob,852,Field,129,F,D,25,2.96,SD-double checked,
1711,S.glob,852,Field,129,F,D,25,2.93,SD-double checked,
1712,S.glob,852,Field,129,F,D,25,2.94,SD-double checked,
1713,S.glob,852,Field,129,F,D,25,3.31,SD-double checked,
1714,S.glob,852,Field,129,F,D,25,2.86,SD-double checked,
1715,S.glob,852,Field,122,H,D,25,3.53,SD-double checked,
1716,S.glob,852,Field,122,H,D,25,3.46,SD-double checked,
1717,S.glob,852,Field,122,H,D,25,3.23,SD-double checked,
1718,S.glob,852,Field,122,H,D,25,3.54,SD-double checked,
1719,S.glob,852,Field,122,H,D,25,3.41,SD-double checked,
1720,S.glob,852,Field,122,H,D,25,3.39,SD-double checked,
1721,S.glob,852,Field,122,H,D,25,3.34,SD-double checked,
1722,S.glob,852,Field,122,H,D,25,3.58,SD-double checked,
1723,S.glob,852,Field,122,H,D,25,3.31,SD-double checked,
1724,S.glob,852,Field,122,H,D,25,3.35,SD-double checked,
1725,S.glob,852,Field,26,H,D,25,2.52,SD-double checked,
1726,S.glob,852,Field,26,H,D,25,2.41,SD-double checked,
1727,S.glob,852,Field,26,H,D,25,2.72,SD-double checked,
1728,S.glob,852,Field,26,H,D,25,2.34,SD-double checked,
1729,S.glob,852,Field,26,H,D,25,2.08,SD-double checked,
1730,S.glob,852,Field,26,H,D,25,2.55,SD-double checked,
1731,S.glob,852,Field,26,H,D,25,2.67,SD-double checked,
1732,S.glob,852,Field,26,H,D,25,2.46,SD-double checked,
1733,S.glob,852,Field,26,H,D,25,1.91,SD-double checked,
1735,S.glob,850,Field,85,H,D,20,1.94,SD-double checked,
1736,S.glob,850,Field,85,H,D,25,1.95,SD-double checked,
1737,S.glob,850,Field,85,H,D,8,0.67,SD-double checked,
1738,S.glob,850,Field,93,H,D,25,2.03,SD-double checked,
1739,S.glob,850,Field,93,H,D,25,2.17,SD-double checked,
1740,S.glob,850,Field,93,H,D,4,0.32,SD-double checked,
1741,S.glob,850,Field,93,H,D,25,2.69,SD-double checked,
1742,S.glob,850,Field,93,H,D,25,2.53,SD-double checked,
1743,S.glob,850,Field,93,H,D,25,2.58,SD-double checked,
1744,S.glob,850,Field,93,H,D,25,2.49,SD-double checked,
1745,S.glob,850,Field,93,H,D,25,2.57,SD-double checked,
1746,S.glob,850,Field,93,H,D,25,1.72,SD-double checked,
1748,S.glob,850,Field,93,H,D,25,2.63,SD-double checked,
1749,S.glob,850,Field,93,H,D,25,2.71,SD-double checked,
1750,S.glob,850,Field,93,H,D,25,2.56,SD-double checked,
1751,S.glob,850,Field,100,sex?,D,25,4.09,SD-double checked,given number '100' in file
1752,S.glob,850,Field,100,sex?,D,25,3.87,SD-double checked,given number '100' in file
1753,S.glob,850,Field,100,sex?,D,25,3.87,SD-double checked,given number '100' in file
1754,S.glob,850,Field,100,sex?,D,25,4.06,SD-double checked,given number '100' in file
1755,S.glob,850,Field,100,sex?,D,25,3.97,SD-double checked,given number '100' in file
1756,S.glob,850,Field,100,sex?,D,25,4.15,SD-double checked,given number '100' in file
1757,S.glob,850,Field,100,sex?,D,25,3.9,SD-double checked,given number '100' in file
1758,S.glob,850,Field,100,sex?,D,25,3.83,SD-double checked,given number '100' in file
1759,S.glob,850,Field,100,sex?,D,25,4.01,SD-double checked,given number '100' in file
1760,S.glob,850,Field,100,sex?,D,25,4.08,SD-double checked,given number '100' in file
1761,S.glob,850,Field,119,sex?,D,25,2.53,SD-double checked,
1762,S.glob,850,Field,119,sex?,D,25,2.7,SD-double checked,
1763,S.glob,850,Field,119,sex?,D,25,2.58,SD-double checked,
1764,S.glob,850,Field,119,sex?,D,25,2.53,SD-double checked,
1765,S.glob,850,Field,119,sex?,D,25,2.62,SD-double checked,
1766,S.glob,850,Field,119,sex?,D,25,2.45,SD-double checked,
1767,S.glob,850,Field,119,sex?,D,25,2.45,SD-double checked,SD either 2.45 or 2.25
1768,S.glob,850,Field,119,sex?,D,25,2.45,SD-double checked,
1769,S.glob,850,Field,119,sex?,D,25,2.56,SD-double checked,
1770,S.glob,850,Field,119,sex?,D,25,2.06,SD-double checked,
1771,S.glob,850,Field,91,F,D,25,2.9,SD-double checked,
1772,S.glob,850,Field,91,F,D,25,2.65,SD-double checked,
1773,S.glob,850,Field,91,F,D,25,2.91,SD-double checked,
1774,S.glob,850,Field,91,F,D,25,2.87,SD-double checked,
1775,S.glob,850,Field,91,F,D,25,2.62,SD-double checked,
1776,S.glob,850,Field,91,F,D,25,2.81,SD-double checked,
1777,S.glob,850,Field,91,F,D,25,2.92,SD-double checked,
1778,S.glob,850,Field,91,F,D,25,2.76,SD-double checked,SD either 2.76 or 2.70
1779,S.glob,850,Field,91,F,D,25,2.91,SD-double checked,
1780,S.glob,850,Field,91,F,D,25,2.78,SD-double checked,
1781,S.glob,850,Field,83,F,D,25,2.61,SD-double checked,
1782,S.glob,850,Field,83,F,D,25,2.65,SD-double checked,
1783,S.glob,850,Field,83,F,D,25,2.78,SD-double checked,
1784,S.glob,850,Field,83,F,D,25,2.71,SD-double checked,
1785,S.glob,850,Field,83,F,D,25,2.64,SD-double checked,
1786,S.glob,850,Field,83,F,D,25,2.6,SD-double checked,
1787,S.glob,850,Field,83,F,D,25,2.51,SD-double checked,
1788,S.glob,850,Field,83,F,D,25,2.44,SD-double checked,
1789,S.glob,850,Field,83,F,D,25,2.26,SD-double checked,
1790,S.glob,850,Field,83,F,D,25,2.61,SD-double checked,
1791,S.glob,844,Field,242,H,D,25,2.82,SD-double checked,
1792,S.glob,844,Field,242,H,D,25,2.55,SD-double checked,
1793,S.glob,844,Field,242,H,D,25,2.26,SD-double checked,
1794,S.glob,844,Field,242,H,D,25,2.59,SD-double checked,
1795,S.glob,844,Field,242,H,D,16,1.62,SD-double checked,
1796,S.glob,844,Field,12,H,D,12,1.34,SD-double checked,
1797,S.glob,844,Field,12,H,D,22,1.29,SD-double checked,
1798,S.glob,844,Field,12,H,D,25,1.88,SD-double checked,
1799,S.glob,844,Field,12,H,D,19,1.67,SD-double checked,
1800,S.glob,844,Field,266,H,D,25,2.75,SD-double checked,
1801,S.glob,844,Field,266,H,D,25,2.96,SD-double checked,
1802,S.glob,844,Field,266,H,D,25,2.98,SD-double checked,
1803,S.glob,844,Field,266,H,D,25,2.79,SD-double checked,
1804,S.glob,844,Field,266,H,D,25,2.88,SD-double checked,
1805,S.glob,844,Field,266,H,D,25,2.41,SD-double checked,
1806,S.glob,844,Field,266,H,D,25,1.13,SD-double checked,
1807,S.glob,844,Field,266,H,D,25,2.62,SD-double checked,
1808,S.glob,844,Field,266,H,D,25,2.66,SD-double checked,
1809,S.glob,844,Field,266,H,D,25,2.54,SD-double checked,
1810,S.glob,844,Field,266,H,D,25,1.92,SD-double checked,
1811,S.glob,844,Field,262,F,D,25,2.61,SD-double checked,
1812,S.glob,844,Field,262,F,D,25,2.94,SD-double checked,
1813,S.glob,844,Field,262,F,D,25,2.74,SD-double checked,
1814,S.glob,844,Field,262,F,D,25,3.27,SD-double checked,
1815,S.glob,844,Field,262,F,D,25,2.81,SD-double checked,
1816,S.glob,844,Field,262,F,D,25,2.73,SD-double checked,
1817,S.glob,844,Field,262,F,D,25,2.77,SD-double checked,
1818,S.glob,844,Field,262,F,D,25,2.7,SD-double checked,
1819,S.glob,844,Field,262,F,D,25,2.72,SD-double checked,
1820,S.glob,844,Field,262,F,D,25,2.65,SD-double checked,
1821,S.glob,844,Field,260,F,D,25,2.42,SD-double checked,
1822,S.glob,844,Field,260,F,D,25,2.48,SD-double checked,
1823,S.glob,844,Field,260,F,D,25,2.54,SD-double checked,
1824,S.glob,844,Field,260,F,D,25,2.32,SD-double checked,
1825,S.glob,844,Field,260,F,D,25,2.52,SD-double checked,
1826,S.glob,844,Field,260,F,D,25,2.41,SD-double checked,
1827,S.glob,844,Field,260,F,D,25,2.43,SD-double checked,
1828,S.glob,844,Field,260,F,D,25,2.37,SD-double checked,
1829,S.glob,844,Field,260,F,D,25,2.41,SD-double checked,
1830,S.glob,844,Field,260,F,D,25,2.38,SD-double checked,
1831,S.glob,844,Field,253,F,D,25,2.1,SD-double checked,
1832,S.glob,844,Field,253,F,D,25,2.03,SD-double checked,
1833,S.glob,844,Field,253,F,D,25,1.87,SD-double checked,
1834,S.glob,844,Field,253,F,D,25,1.9,SD-double checked,
1835,S.glob,844,Field,253,F,D,25,1.91,SD-double checked,
1836,S.glob,844,Field,253,F,D,25,1.97,SD-double checked,
1837,S.glob,844,Field,253,F,D,25,1.98,SD-double checked,
1838,S.glob,844,Field,253,F,D,25,1.94,SD-double checked,
1839,S.glob,844,Field,253,F,D,25,1.95,SD-double checked,
1840,S.glob,844,Field,253,F,D,25,1.89,SD-double checked,
1841,S.glob,844,Field,248,F,D,25,2.94,SD-double checked,
1842,S.glob,844,Field,248,F,D,25,2.76,SD-double checked,
1843,S.glob,844,Field,248,F,D,25,2.69,SD-double checked,
1844,S.glob,844,Field,248,F,D,25,2.7,SD-double checked,
1845,S.glob,844,Field,248,F,D,25,2.87,SD-double checked,
1846,S.glob,844,Field,248,F,D,25,2.86,SD-double checked,
1847,S.glob,844,Field,248,F,D,25,2.83,SD-double checked,
1848,S.glob,844,Field,248,F,D,25,2.82,SD-double checked,
1849,S.glob,844,Field,248,F,D,25,2.92,SD-double checked,
1850,S.glob,844,Field,248,F,D,25,2.58,SD-double checked,
1851,S.glob,844,Field,244,F,D,25,3.41,SD-double checked,
1852,S.glob,844,Field,244,F,D,25,3.43,SD-double checked,
1853,S.glob,844,Field,244,F,D,25,3.55,SD-double checked,
1854,S.glob,844,Field,244,F,D,25,3.05,SD-double checked,
1855,S.glob,844,Field,244,F,D,25,3.6,SD-double checked,
1856,S.glob,844,Field,244,F,D,25,3.38,SD-double checked,
1857,S.glob,844,Field,244,F,D,25,3.35,SD-double checked,
1858,S.glob,844,Field,244,F,D,25,3.25,SD-double checked,
1859,S.glob,844,Field,244,F,D,25,3.48,SD-double checked,
1860,S.glob,844,Field,244,F,D,25,3.44,SD-double checked,
1861,S.hale,851,GH,2,F,D,25,2.36,SW-double checked,
1862,S.hale,851,GH,2,F,D,25,2.27,SW-double checked,
1863,S.hale,851,GH,2,F,D,25,2.53,SW-double checked,
1864,S.hale,851,GH,2,F,D,25,2.37,SW-double checked,
